"Tshirt_name","Tshirt_image","Tshirt_rating","Tshirt_no_of_ratings","Tshirt_cstmr_rating_name","Tshirt_cstmr_rating_cstmr_review","Tshirt_cstmr_rating_date"
"Chromozome Men's Plain Regular Fit T-Shirt (Pack of 3)","https://images-eu.ssl-images-amazon.com/images/I/41xe2Ki9VxL._AC_UL260_SR200,260_.jpg","3.9 out of 5 stars","3,660","4.0 out of 5 stars","Value for money.","Reviewed in India on 5 January 2019"
"Chromozome Men's Plain Regular Fit T-Shirt (Pack of 3)","https://images-eu.ssl-images-amazon.com/images/I/41xe2Ki9VxL._AC_UL260_SR200,260_.jpg","3.9 out of 5 stars","3,660","5.0 out of 5 stars","Nice if re-purposed as vests","Reviewed in India on 2 September 2018"
"Chromozome Men's Plain Regular Fit T-Shirt (Pack of 3)","https://images-eu.ssl-images-amazon.com/images/I/41xe2Ki9VxL._AC_UL260_SR200,260_.jpg","3.9 out of 5 stars","3,660","5.0 out of 5 stars","Justify the price","Reviewed in India on 15 November 2018"
"Chromozome Men's Plain Regular Fit T-Shirt (Pack of 3)","https://images-eu.ssl-images-amazon.com/images/I/41xe2Ki9VxL._AC_UL260_SR200,260_.jpg","3.9 out of 5 stars","3,660","5.0 out of 5 stars","Rs530 for 3 t-shirts good deal","Reviewed in India on 22 January 2019"
"Chromozome Men's Plain Regular Fit T-Shirt (Pack of 3)","https://images-eu.ssl-images-amazon.com/images/I/41xe2Ki9VxL._AC_UL260_SR200,260_.jpg","3.9 out of 5 stars","3,660","5.0 out of 5 stars","Very Qualitative","Reviewed in India on 1 December 2018"
"Chromozome Men's Plain Regular Fit T-Shirt (Pack of 3)","https://images-eu.ssl-images-amazon.com/images/I/41xe2Ki9VxL._AC_UL260_SR200,260_.jpg","3.9 out of 5 stars","3,660","4.0 out of 5 stars","GOOD","Reviewed in India on 9 July 2019"
"Chromozome Men's Plain Regular Fit T-Shirt (Pack of 3)","https://images-eu.ssl-images-amazon.com/images/I/41xe2Ki9VxL._AC_UL260_SR200,260_.jpg","3.9 out of 5 stars","3,660","1.0 out of 5 stars","Horrible fit. Tent house stuff.","Reviewed in India on 3 June 2019"
"Chromozome Men's Plain Regular Fit T-Shirt (Pack of 3)","https://images-eu.ssl-images-amazon.com/images/I/41xe2Ki9VxL._AC_UL260_SR200,260_.jpg","3.9 out of 5 stars","3,660","3.0 out of 5 stars","Worth a try","Reviewed in India on 25 January 2019"
"Scott International Men's Regular Fit T-Shirt (Pack of 3)","https://images-eu.ssl-images-amazon.com/images/I/517uNF1t-EL._AC_UL260_SR200,260_.jpg","3.4 out of 5 stars","500","1.0 out of 5 stars","DON'T BUY THIS PRODUCT","Reviewed in India on 5 March 2020"
"Scott International Men's Regular Fit T-Shirt (Pack of 3)","https://images-eu.ssl-images-amazon.com/images/I/517uNF1t-EL._AC_UL260_SR200,260_.jpg","3.4 out of 5 stars","500","3.0 out of 5 stars","Too large for me","Reviewed in India on 24 February 2020"
"Scott International Men's Regular Fit T-Shirt (Pack of 3)","https://images-eu.ssl-images-amazon.com/images/I/517uNF1t-EL._AC_UL260_SR200,260_.jpg","3.4 out of 5 stars","500","3.0 out of 5 stars","Two black and one gray color come","Reviewed in India on 29 February 2020"
"Scott International Men's Regular Fit T-Shirt (Pack of 3)","https://images-eu.ssl-images-amazon.com/images/I/517uNF1t-EL._AC_UL260_SR200,260_.jpg","3.4 out of 5 stars","500","5.0 out of 5 stars","Perfect thanks","Reviewed in India on 8 March 2020"
"Scott International Men's Regular Fit T-Shirt (Pack of 3)","https://images-eu.ssl-images-amazon.com/images/I/517uNF1t-EL._AC_UL260_SR200,260_.jpg","3.4 out of 5 stars","500","3.0 out of 5 stars","Average quality at prize point","Reviewed in India on 23 May 2020"
"Scott International Men's Regular Fit T-Shirt (Pack of 3)","https://images-eu.ssl-images-amazon.com/images/I/517uNF1t-EL._AC_UL260_SR200,260_.jpg","3.4 out of 5 stars","500","1.0 out of 5 stars","Not 100% cotton - don't buy pls","Reviewed in India on 25 May 2020"
"Scott International Men's Regular Fit T-Shirt (Pack of 3)","https://images-eu.ssl-images-amazon.com/images/I/517uNF1t-EL._AC_UL260_SR200,260_.jpg","3.4 out of 5 stars","500","3.0 out of 5 stars","They had the size issues.","Reviewed in India on 22 June 2020"
"Scott International Men's Regular Fit T-Shirt (Pack of 3)","https://images-eu.ssl-images-amazon.com/images/I/517uNF1t-EL._AC_UL260_SR200,260_.jpg","3.4 out of 5 stars","500","5.0 out of 5 stars","Value for money","Reviewed in India on 3 March 2020"
"BULLMER Mens Halfsleeve Round Neck Printed Cotton Tshirt - Combo Tshirt - Pack of 3","https://images-eu.ssl-images-amazon.com/images/I/51OGzf-OF9L._AC_UL260_SR200,260_.jpg","3.9 out of 5 stars","17","4.0 out of 5 stars","Nice product","Reviewed in India on 11 June 2020"
"BULLMER Mens Halfsleeve Round Neck Printed Cotton Tshirt - Combo Tshirt - Pack of 3","https://images-eu.ssl-images-amazon.com/images/I/51OGzf-OF9L._AC_UL260_SR200,260_.jpg","3.9 out of 5 stars","17","5.0 out of 5 stars","Loved them","Reviewed in India on 5 July 2020"
"BULLMER Mens Halfsleeve Round Neck Printed Cotton Tshirt - Combo Tshirt - Pack of 3","https://images-eu.ssl-images-amazon.com/images/I/51OGzf-OF9L._AC_UL260_SR200,260_.jpg","3.9 out of 5 stars","17","5.0 out of 5 stars","Value for money","Reviewed in India on 4 July 2020"
"BULLMER Mens Halfsleeve Round Neck Printed Cotton Tshirt - Combo Tshirt - Pack of 3","https://images-eu.ssl-images-amazon.com/images/I/51OGzf-OF9L._AC_UL260_SR200,260_.jpg","3.9 out of 5 stars","17","3.0 out of 5 stars","Ok","Reviewed in India on 20 June 2020"
"BULLMER Mens Halfsleeve Round Neck Printed Cotton Tshirt - Combo Tshirt - Pack of 3","https://images-eu.ssl-images-amazon.com/images/I/51OGzf-OF9L._AC_UL260_SR200,260_.jpg","3.9 out of 5 stars","17","1.0 out of 5 stars","Don't purchase !!","Reviewed in India on 4 July 2020"
"BULLMER Mens Halfsleeve Round Neck Printed Cotton Tshirt - Combo Tshirt - Pack of 3","https://images-eu.ssl-images-amazon.com/images/I/51OGzf-OF9L._AC_UL260_SR200,260_.jpg","3.9 out of 5 stars","17","4.0 out of 5 stars","Must buy","Reviewed in India on 22 June 2020"
"BULLMER Mens Halfsleeve Round Neck Printed Cotton Tshirt - Combo Tshirt - Pack of 3","https://images-eu.ssl-images-amazon.com/images/I/51OGzf-OF9L._AC_UL260_SR200,260_.jpg","3.9 out of 5 stars","17","4.0 out of 5 stars","Its good","Reviewed in India on 4 July 2020"
"BULLMER Mens Halfsleeve Round Neck Printed Cotton Tshirt - Combo Tshirt - Pack of 3","https://images-eu.ssl-images-amazon.com/images/I/51OGzf-OF9L._AC_UL260_SR200,260_.jpg","3.9 out of 5 stars","17","5.0 out of 5 stars","Perfect","Reviewed in India on 1 July 2020"
"Allen Solly Men's Polo","https://images-eu.ssl-images-amazon.com/images/I/41+G4+4ZcvL._AC_UL260_SR200,260_.jpg","4.1 out of 5 stars","8,814","5.0 out of 5 stars","Five Stars","Reviewed in India on 9 October 2017"
"Allen Solly Men's Polo","https://images-eu.ssl-images-amazon.com/images/I/41+G4+4ZcvL._AC_UL260_SR200,260_.jpg","4.1 out of 5 stars","8,814","4.0 out of 5 stars","A Decent Product & Quality fabric but comes with a little broader chest profile different to what‚Äôs mentioned.Still okay.","Reviewed in India on 24 June 2017"
"Allen Solly Men's Polo","https://images-eu.ssl-images-amazon.com/images/I/41+G4+4ZcvL._AC_UL260_SR200,260_.jpg","4.1 out of 5 stars","8,814","5.0 out of 5 stars","Afterall, its allen solly!!!","Reviewed in India on 15 October 2018"
"Allen Solly Men's Polo","https://images-eu.ssl-images-amazon.com/images/I/41+G4+4ZcvL._AC_UL260_SR200,260_.jpg","4.1 out of 5 stars","8,814","2.0 out of 5 stars","Nice looks, prone to bobbling","Reviewed in India on 9 August 2018"
"Allen Solly Men's Polo","https://images-eu.ssl-images-amazon.com/images/I/41+G4+4ZcvL._AC_UL260_SR200,260_.jpg","4.1 out of 5 stars","8,814","3.0 out of 5 stars","Great product, pathetic packaging, colour fades","Reviewed in India on 5 November 2018"
"Allen Solly Men's Polo","https://images-eu.ssl-images-amazon.com/images/I/41+G4+4ZcvL._AC_UL260_SR200,260_.jpg","4.1 out of 5 stars","8,814","2.0 out of 5 stars","Colour of the T shirt faded with 2 wash, ...","Reviewed in India on 8 July 2018"
"Allen Solly Men's Polo","https://images-eu.ssl-images-amazon.com/images/I/41+G4+4ZcvL._AC_UL260_SR200,260_.jpg","4.1 out of 5 stars","8,814","4.0 out of 5 stars","Tnankyou so much for this t shirt","Reviewed in India on 30 October 2018"
"Allen Solly Men's Polo","https://images-eu.ssl-images-amazon.com/images/I/41+G4+4ZcvL._AC_UL260_SR200,260_.jpg","4.1 out of 5 stars","8,814","5.0 out of 5 stars","Very good quality and fittings.","Reviewed in India on 15 March 2018"
"EYEBOGLER Men's Regular Fit T-Shirt","https://images-eu.ssl-images-amazon.com/images/I/412UsK0jP7L._AC_UL260_SR200,260_.jpg","3.2 out of 5 stars","84","4.0 out of 5 stars","GOOD BUT PRICE MATTERS","Reviewed in India on 12 May 2020"
"EYEBOGLER Men's Regular Fit T-Shirt","https://images-eu.ssl-images-amazon.com/images/I/412UsK0jP7L._AC_UL260_SR200,260_.jpg","3.2 out of 5 stars","84","4.0 out of 5 stars","Man's t-shirt","Reviewed in India on 6 June 2020"
"EYEBOGLER Men's Regular Fit T-Shirt","https://images-eu.ssl-images-amazon.com/images/I/412UsK0jP7L._AC_UL260_SR200,260_.jpg","3.2 out of 5 stars","84","4.0 out of 5 stars","Nice","Reviewed in India on 23 May 2020"
"EYEBOGLER Men's Regular Fit T-Shirt","https://images-eu.ssl-images-amazon.com/images/I/412UsK0jP7L._AC_UL260_SR200,260_.jpg","3.2 out of 5 stars","84","5.0 out of 5 stars","Size is too small what I had order","Reviewed in India on 16 February 2020"
"EYEBOGLER Men's Regular Fit T-Shirt","https://images-eu.ssl-images-amazon.com/images/I/412UsK0jP7L._AC_UL260_SR200,260_.jpg","3.2 out of 5 stars","84","1.0 out of 5 stars","Damaged","Reviewed in India on 4 June 2020"
"EYEBOGLER Men's Regular Fit T-Shirt","https://images-eu.ssl-images-amazon.com/images/I/412UsK0jP7L._AC_UL260_SR200,260_.jpg","3.2 out of 5 stars","84","3.0 out of 5 stars","Good","Reviewed in India on 12 May 2020"
"EYEBOGLER Men's Regular Fit T-Shirt","https://images-eu.ssl-images-amazon.com/images/I/412UsK0jP7L._AC_UL260_SR200,260_.jpg","3.2 out of 5 stars","84","1.0 out of 5 stars","Worst quality","Reviewed in India on 17 February 2020"
"EYEBOGLER Men's Regular Fit T-Shirt","https://images-eu.ssl-images-amazon.com/images/I/412UsK0jP7L._AC_UL260_SR200,260_.jpg","3.2 out of 5 stars","84","3.0 out of 5 stars","Average product","Reviewed in India on 29 May 2020"
"AELOMART Men's Regular Fit T-Shirt","https://images-eu.ssl-images-amazon.com/images/I/41GAtTQBwDL._AC_UL260_SR200,260_.jpg","3.9 out of 5 stars","1,675","5.0 out of 5 stars","Highly recommended","Reviewed in India on 2 April 2019"
"AELOMART Men's Regular Fit T-Shirt","https://images-eu.ssl-images-amazon.com/images/I/41GAtTQBwDL._AC_UL260_SR200,260_.jpg","3.9 out of 5 stars","1,675","4.0 out of 5 stars","mst","Reviewed in India on 16 January 2019"
"AELOMART Men's Regular Fit T-Shirt","https://images-eu.ssl-images-amazon.com/images/I/41GAtTQBwDL._AC_UL260_SR200,260_.jpg","3.9 out of 5 stars","1,675","3.0 out of 5 stars","Good quality product","Reviewed in India on 7 May 2019"
"AELOMART Men's Regular Fit T-Shirt","https://images-eu.ssl-images-amazon.com/images/I/41GAtTQBwDL._AC_UL260_SR200,260_.jpg","3.9 out of 5 stars","1,675","4.0 out of 5 stars","4 star","Reviewed in India on 27 June 2020"
"AELOMART Men's Regular Fit T-Shirt","https://images-eu.ssl-images-amazon.com/images/I/41GAtTQBwDL._AC_UL260_SR200,260_.jpg","3.9 out of 5 stars","1,675","5.0 out of 5 stars","V.good product","Reviewed in India on 22 February 2019"
"AELOMART Men's Regular Fit T-Shirt","https://images-eu.ssl-images-amazon.com/images/I/41GAtTQBwDL._AC_UL260_SR200,260_.jpg","3.9 out of 5 stars","1,675","2.0 out of 5 stars","Bad product","Reviewed in India on 22 October 2018"
"AELOMART Men's Regular Fit T-Shirt","https://images-eu.ssl-images-amazon.com/images/I/41GAtTQBwDL._AC_UL260_SR200,260_.jpg","3.9 out of 5 stars","1,675","4.0 out of 5 stars","Good","Reviewed in India on 26 August 2019"
"AELOMART Men's Regular Fit T-Shirt","https://images-eu.ssl-images-amazon.com/images/I/41GAtTQBwDL._AC_UL260_SR200,260_.jpg","3.9 out of 5 stars","1,675","3.0 out of 5 stars","Good but sleeve din fit properly","Reviewed in India on 10 October 2019"
"AWG - All Weather Gear Men's Solid Regular fit T-Shirt","https://images-eu.ssl-images-amazon.com/images/I/416P7cqYZ9L._AC_UL260_SR200,260_.jpg","3.4 out of 5 stars","919","3.0 out of 5 stars","Product is not defect free ....","Reviewed in India on 26 March 2018"
"AWG - All Weather Gear Men's Solid Regular fit T-Shirt","https://images-eu.ssl-images-amazon.com/images/I/416P7cqYZ9L._AC_UL260_SR200,260_.jpg","3.4 out of 5 stars","919","3.0 out of 5 stars","Thinnest !","Reviewed in India on 13 August 2018"
"AWG - All Weather Gear Men's Solid Regular fit T-Shirt","https://images-eu.ssl-images-amazon.com/images/I/416P7cqYZ9L._AC_UL260_SR200,260_.jpg","3.4 out of 5 stars","919","1.0 out of 5 stars","Does not look like in picture","Reviewed in India on 9 October 2018"
"AWG - All Weather Gear Men's Solid Regular fit T-Shirt","https://images-eu.ssl-images-amazon.com/images/I/416P7cqYZ9L._AC_UL260_SR200,260_.jpg","3.4 out of 5 stars","919","4.0 out of 5 stars","Satisfied with the product .","Reviewed in India on 11 April 2019"
"AWG - All Weather Gear Men's Solid Regular fit T-Shirt","https://images-eu.ssl-images-amazon.com/images/I/416P7cqYZ9L._AC_UL260_SR200,260_.jpg","3.4 out of 5 stars","919","3.0 out of 5 stars","Good material, but, poor workmanshipeach T-shirt (pack of 4) - Maybe Rejects??","Reviewed in India on 31 May 2019"
"AWG - All Weather Gear Men's Solid Regular fit T-Shirt","https://images-eu.ssl-images-amazon.com/images/I/416P7cqYZ9L._AC_UL260_SR200,260_.jpg","3.4 out of 5 stars","919","5.0 out of 5 stars","Worth for money","Reviewed in India on 9 January 2020"
"AWG - All Weather Gear Men's Solid Regular fit T-Shirt","https://images-eu.ssl-images-amazon.com/images/I/416P7cqYZ9L._AC_UL260_SR200,260_.jpg","3.4 out of 5 stars","919","5.0 out of 5 stars","Good and timely delivery","Reviewed in India on 4 August 2019"
"AWG - All Weather Gear Men's Solid Regular fit T-Shirt","https://images-eu.ssl-images-amazon.com/images/I/416P7cqYZ9L._AC_UL260_SR200,260_.jpg","3.4 out of 5 stars","919","1.0 out of 5 stars","The worst quality t shirt seen in my life of 60 years!","Reviewed in India on 16 May 2019"
"BULLMER Mens Halfsleeve Round Neck Printed Cotton Tshirt - Combo Tshirt - Pack of 3","https://images-eu.ssl-images-amazon.com/images/I/410L-vbGhzL._AC_UL260_SR200,260_.jpg","3.8 out of 5 stars","16","2.0 out of 5 stars","Don't buy if you found the colors on these tee to be great.","Reviewed in India on 27 June 2020"
"BULLMER Mens Halfsleeve Round Neck Printed Cotton Tshirt - Combo Tshirt - Pack of 3","https://images-eu.ssl-images-amazon.com/images/I/410L-vbGhzL._AC_UL260_SR200,260_.jpg","3.8 out of 5 stars","16","3.0 out of 5 stars","One of large size nd 2 other are in small size","Reviewed in India on 24 June 2020"
"BULLMER Mens Halfsleeve Round Neck Printed Cotton Tshirt - Combo Tshirt - Pack of 3","https://images-eu.ssl-images-amazon.com/images/I/410L-vbGhzL._AC_UL260_SR200,260_.jpg","3.8 out of 5 stars","16","5.0 out of 5 stars","Value for money....must buy üëçüëå","Reviewed in India on 6 July 2020"
"BULLMER Mens Halfsleeve Round Neck Printed Cotton Tshirt - Combo Tshirt - Pack of 3","https://images-eu.ssl-images-amazon.com/images/I/410L-vbGhzL._AC_UL260_SR200,260_.jpg","3.8 out of 5 stars","16","2.0 out of 5 stars","Length is larger","Reviewed in India on 24 June 2020"
"BULLMER Mens Halfsleeve Round Neck Printed Cotton Tshirt - Combo Tshirt - Pack of 3","https://images-eu.ssl-images-amazon.com/images/I/410L-vbGhzL._AC_UL260_SR200,260_.jpg","3.8 out of 5 stars","16","1.0 out of 5 stars","Defective product and too large in size.","Reviewed in India on 29 June 2020"
"BULLMER Mens Halfsleeve Round Neck Printed Cotton Tshirt - Combo Tshirt - Pack of 3","https://images-eu.ssl-images-amazon.com/images/I/410L-vbGhzL._AC_UL260_SR200,260_.jpg","3.8 out of 5 stars","16","5.0 out of 5 stars","No second thoughts. Go for it.","Reviewed in India on 23 June 2020"
"BULLMER Mens Halfsleeve Round Neck Printed Cotton Tshirt - Combo Tshirt - Pack of 3","https://images-eu.ssl-images-amazon.com/images/I/410L-vbGhzL._AC_UL260_SR200,260_.jpg","3.8 out of 5 stars","16","5.0 out of 5 stars","Good quality for less cost","Reviewed in India on 30 June 2020"
"BULLMER Mens Halfsleeve Round Neck Printed Cotton Tshirt - Combo Tshirt - Pack of 3","https://images-eu.ssl-images-amazon.com/images/I/410L-vbGhzL._AC_UL260_SR200,260_.jpg","3.8 out of 5 stars","16","4.0 out of 5 stars","Select size properly, good quality","Reviewed in India on 6 July 2020"
"AWG - All Weather Gear Men's Regular fit T-Shirt (Pack of 3)","https://images-eu.ssl-images-amazon.com/images/I/415ahitfd-L._AC_UL260_SR200,260_.jpg","3.4 out of 5 stars","453","1.0 out of 5 stars","Bad quality of stitches","Reviewed in India on 27 April 2019"
"AWG - All Weather Gear Men's Regular fit T-Shirt (Pack of 3)","https://images-eu.ssl-images-amazon.com/images/I/415ahitfd-L._AC_UL260_SR200,260_.jpg","3.4 out of 5 stars","453","5.0 out of 5 stars","Good stuff for the price","Reviewed in India on 20 May 2019"
"AWG - All Weather Gear Men's Regular fit T-Shirt (Pack of 3)","https://images-eu.ssl-images-amazon.com/images/I/415ahitfd-L._AC_UL260_SR200,260_.jpg","3.4 out of 5 stars","453","4.0 out of 5 stars","VFM for the price they sell for.","Reviewed in India on 10 April 2019"
"AWG - All Weather Gear Men's Regular fit T-Shirt (Pack of 3)","https://images-eu.ssl-images-amazon.com/images/I/415ahitfd-L._AC_UL260_SR200,260_.jpg","3.4 out of 5 stars","453","5.0 out of 5 stars","This is very good at this price!!","Reviewed in India on 27 July 2019"
"AWG - All Weather Gear Men's Regular fit T-Shirt (Pack of 3)","https://images-eu.ssl-images-amazon.com/images/I/415ahitfd-L._AC_UL260_SR200,260_.jpg","3.4 out of 5 stars","453","5.0 out of 5 stars","Best in quality and price","Reviewed in India on 31 July 2019"
"AWG - All Weather Gear Men's Regular fit T-Shirt (Pack of 3)","https://images-eu.ssl-images-amazon.com/images/I/415ahitfd-L._AC_UL260_SR200,260_.jpg","3.4 out of 5 stars","453","4.0 out of 5 stars","Good for budget","Reviewed in India on 20 March 2020"
"AWG - All Weather Gear Men's Regular fit T-Shirt (Pack of 3)","https://images-eu.ssl-images-amazon.com/images/I/415ahitfd-L._AC_UL260_SR200,260_.jpg","3.4 out of 5 stars","453","1.0 out of 5 stars","Waste of money, Worst experience of buying apparel","Reviewed in India on 19 October 2019"
"AWG - All Weather Gear Men's Regular fit T-Shirt (Pack of 3)","https://images-eu.ssl-images-amazon.com/images/I/415ahitfd-L._AC_UL260_SR200,260_.jpg","3.4 out of 5 stars","453","1.0 out of 5 stars","If you want to wear it once only...go for it. Else, think of something else","Reviewed in India on 28 March 2020"
"Jockey Men's Cotton T-Shirt","https://images-eu.ssl-images-amazon.com/images/I/41czudAmSiL._AC_UL260_SR200,260_.jpg","4.3 out of 5 stars","1,332","5.0 out of 5 stars","Nice","Reviewed in India on 1 November 2018"
"Jockey Men's Cotton T-Shirt","https://images-eu.ssl-images-amazon.com/images/I/41czudAmSiL._AC_UL260_SR200,260_.jpg","4.3 out of 5 stars","1,332","4.0 out of 5 stars","Good","Reviewed in India on 26 February 2017"
"Jockey Men's Cotton T-Shirt","https://images-eu.ssl-images-amazon.com/images/I/41czudAmSiL._AC_UL260_SR200,260_.jpg","4.3 out of 5 stars","1,332","5.0 out of 5 stars","Awesome product! Fast Delivery! Thank you, Amazon!","Reviewed in India on 15 October 2018"
"Jockey Men's Cotton T-Shirt","https://images-eu.ssl-images-amazon.com/images/I/41czudAmSiL._AC_UL260_SR200,260_.jpg","4.3 out of 5 stars","1,332","5.0 out of 5 stars","Nice product and fully satisfaction","Reviewed in India on 3 June 2019"
"Jockey Men's Cotton T-Shirt","https://images-eu.ssl-images-amazon.com/images/I/41czudAmSiL._AC_UL260_SR200,260_.jpg","4.3 out of 5 stars","1,332","4.0 out of 5 stars","Good Product by Jockey","Reviewed in India on 19 August 2016"
"Jockey Men's Cotton T-Shirt","https://images-eu.ssl-images-amazon.com/images/I/41czudAmSiL._AC_UL260_SR200,260_.jpg","4.3 out of 5 stars","1,332","4.0 out of 5 stars","Awesome Fabric","Reviewed in India on 16 May 2019"
"Jockey Men's Cotton T-Shirt","https://images-eu.ssl-images-amazon.com/images/I/41czudAmSiL._AC_UL260_SR200,260_.jpg","4.3 out of 5 stars","1,332","5.0 out of 5 stars","Perfect fit","Reviewed in India on 9 September 2019"
"Jockey Men's Cotton T-Shirt","https://images-eu.ssl-images-amazon.com/images/I/41czudAmSiL._AC_UL260_SR200,260_.jpg","4.3 out of 5 stars","1,332","5.0 out of 5 stars","Value for Money T Shirt by Jockey","Reviewed in India on 19 October 2018"
"Jockey Men's Regular Fit T-Shirt","https://images-eu.ssl-images-amazon.com/images/I/31aLELdYfkL._AC_UL260_SR200,260_.jpg","4.3 out of 5 stars","2,758","4.0 out of 5 stars","ok nothing great","Reviewed in India on 5 September 2018"
"Jockey Men's Regular Fit T-Shirt","https://images-eu.ssl-images-amazon.com/images/I/31aLELdYfkL._AC_UL260_SR200,260_.jpg","4.3 out of 5 stars","2,758","1.0 out of 5 stars","Smelly, unclean piece delivered","Reviewed in India on 27 June 2018"
"Jockey Men's Regular Fit T-Shirt","https://images-eu.ssl-images-amazon.com/images/I/31aLELdYfkL._AC_UL260_SR200,260_.jpg","4.3 out of 5 stars","2,758","5.0 out of 5 stars","I am 5. 8 and bought S size. ...","Reviewed in India on 30 January 2018"
"Jockey Men's Regular Fit T-Shirt","https://images-eu.ssl-images-amazon.com/images/I/31aLELdYfkL._AC_UL260_SR200,260_.jpg","4.3 out of 5 stars","2,758","5.0 out of 5 stars","Fully satisfied","Reviewed in India on 5 June 2018"
"Jockey Men's Regular Fit T-Shirt","https://images-eu.ssl-images-amazon.com/images/I/31aLELdYfkL._AC_UL260_SR200,260_.jpg","4.3 out of 5 stars","2,758","5.0 out of 5 stars","Authentic Jockey","Reviewed in India on 13 February 2020"
"Jockey Men's Regular Fit T-Shirt","https://images-eu.ssl-images-amazon.com/images/I/31aLELdYfkL._AC_UL260_SR200,260_.jpg","4.3 out of 5 stars","2,758","4.0 out of 5 stars","Somewhat large for L","Reviewed in India on 10 June 2018"
"Jockey Men's Regular Fit T-Shirt","https://images-eu.ssl-images-amazon.com/images/I/31aLELdYfkL._AC_UL260_SR200,260_.jpg","4.3 out of 5 stars","2,758","5.0 out of 5 stars","Lived up to the expectations.","Reviewed in India on 26 January 2019"
"Jockey Men's Regular Fit T-Shirt","https://images-eu.ssl-images-amazon.com/images/I/31aLELdYfkL._AC_UL260_SR200,260_.jpg","4.3 out of 5 stars","2,758","4.0 out of 5 stars","Product is good","Reviewed in India on 8 February 2020"
"KIPA India Round Neck T-Shirt - White","https://images-eu.ssl-images-amazon.com/images/I/31fvAOkKigL._AC_UL260_SR200,260_.jpg","4.7 out of 5 stars","6","5.0 out of 5 stars","Value","Reviewed in India on 28 June 2020"
"KIPA India Round Neck T-Shirt - White","https://images-eu.ssl-images-amazon.com/images/I/31fvAOkKigL._AC_UL260_SR200,260_.jpg","4.7 out of 5 stars","6","5.0 out of 5 stars","Must buy","Reviewed in India on 6 July 2020"
"KIPA India Round Neck T-Shirt - White","https://images-eu.ssl-images-amazon.com/images/I/31fvAOkKigL._AC_UL260_SR200,260_.jpg","4.7 out of 5 stars","6","5.0 out of 5 stars","Just Loved it","Reviewed in India on 20 June 2020"
"KIPA India Round Neck T-Shirt - White","https://images-eu.ssl-images-amazon.com/images/I/31fvAOkKigL._AC_UL260_SR200,260_.jpg","4.7 out of 5 stars","6","4.0 out of 5 stars","Good fabric","Reviewed in India on 4 July 2020"
"AMERICAN CREW Men's Regular Fit Polos","https://images-eu.ssl-images-amazon.com/images/I/41R4sRp6I2L._AC_UL260_SR200,260_.jpg","4.1 out of 5 stars","1,011","5.0 out of 5 stars","awesome tshirt","Reviewed in India on 23 September 2019"
"AMERICAN CREW Men's Regular Fit Polos","https://images-eu.ssl-images-amazon.com/images/I/41R4sRp6I2L._AC_UL260_SR200,260_.jpg","4.1 out of 5 stars","1,011","5.0 out of 5 stars","Superb","Reviewed in India on 6 September 2019"
"AMERICAN CREW Men's Regular Fit Polos","https://images-eu.ssl-images-amazon.com/images/I/41R4sRp6I2L._AC_UL260_SR200,260_.jpg","4.1 out of 5 stars","1,011","5.0 out of 5 stars","Great material, excellent fit. Happy with purchase.","Reviewed in India on 15 December 2018"
"AMERICAN CREW Men's Regular Fit Polos","https://images-eu.ssl-images-amazon.com/images/I/41R4sRp6I2L._AC_UL260_SR200,260_.jpg","4.1 out of 5 stars","1,011","4.0 out of 5 stars","Affordable Casuals","Reviewed in India on 17 October 2018"
"AMERICAN CREW Men's Regular Fit Polos","https://images-eu.ssl-images-amazon.com/images/I/41R4sRp6I2L._AC_UL260_SR200,260_.jpg","4.1 out of 5 stars","1,011","5.0 out of 5 stars","One of the best in American Crew collection.","Reviewed in India on 5 October 2019"
"AMERICAN CREW Men's Regular Fit Polos","https://images-eu.ssl-images-amazon.com/images/I/41R4sRp6I2L._AC_UL260_SR200,260_.jpg","4.1 out of 5 stars","1,011","5.0 out of 5 stars","Great quality Polo shirts from Sunstar and Amazon delivery is also speedy","Reviewed in India on 12 September 2018"
"AMERICAN CREW Men's Regular Fit Polos","https://images-eu.ssl-images-amazon.com/images/I/41R4sRp6I2L._AC_UL260_SR200,260_.jpg","4.1 out of 5 stars","1,011","5.0 out of 5 stars","Money worth","Reviewed in India on 13 April 2018"
"AMERICAN CREW Men's Regular Fit Polos","https://images-eu.ssl-images-amazon.com/images/I/41R4sRp6I2L._AC_UL260_SR200,260_.jpg","4.1 out of 5 stars","1,011","5.0 out of 5 stars","Very nice","Reviewed in India on 27 January 2019"
"EYEBOGLER Solid Men's Shawl Collar Regular Fit T-Shirt","https://images-eu.ssl-images-amazon.com/images/I/41Bickr8e9L._AC_UL260_SR200,260_.jpg","3.5 out of 5 stars","2,593","5.0 out of 5 stars","Wow product","Reviewed in India on 10 October 2018"
"EYEBOGLER Solid Men's Shawl Collar Regular Fit T-Shirt","https://images-eu.ssl-images-amazon.com/images/I/41Bickr8e9L._AC_UL260_SR200,260_.jpg","3.5 out of 5 stars","2,593","2.0 out of 5 stars","other sizes will also be like that. Material is also below average - likely ...","Reviewed in India on 24 December 2017"
"EYEBOGLER Solid Men's Shawl Collar Regular Fit T-Shirt","https://images-eu.ssl-images-amazon.com/images/I/41Bickr8e9L._AC_UL260_SR200,260_.jpg","3.5 out of 5 stars","2,593","4.0 out of 5 stars","Perfect fit and quality cloth material","Reviewed in India on 24 October 2017"
"EYEBOGLER Solid Men's Shawl Collar Regular Fit T-Shirt","https://images-eu.ssl-images-amazon.com/images/I/41Bickr8e9L._AC_UL260_SR200,260_.jpg","3.5 out of 5 stars","2,593","5.0 out of 5 stars","Nice T-shirt üëï","Reviewed in India on 22 October 2018"
"EYEBOGLER Solid Men's Shawl Collar Regular Fit T-Shirt","https://images-eu.ssl-images-amazon.com/images/I/41Bickr8e9L._AC_UL260_SR200,260_.jpg","3.5 out of 5 stars","2,593","5.0 out of 5 stars","1000000","Reviewed in India on 8 November 2018"
"EYEBOGLER Solid Men's Shawl Collar Regular Fit T-Shirt","https://images-eu.ssl-images-amazon.com/images/I/41Bickr8e9L._AC_UL260_SR200,260_.jpg","3.5 out of 5 stars","2,593","2.0 out of 5 stars","-------","Reviewed in India on 9 July 2019"
"EYEBOGLER Solid Men's Shawl Collar Regular Fit T-Shirt","https://images-eu.ssl-images-amazon.com/images/I/41Bickr8e9L._AC_UL260_SR200,260_.jpg","3.5 out of 5 stars","2,593","1.0 out of 5 stars","Keep away. Poor quality product. Not cotton","Reviewed in India on 11 November 2018"
"EYEBOGLER Solid Men's Shawl Collar Regular Fit T-Shirt","https://images-eu.ssl-images-amazon.com/images/I/41Bickr8e9L._AC_UL260_SR200,260_.jpg","3.5 out of 5 stars","2,593","2.0 out of 5 stars","Good product but be careful about size.","Reviewed in India on 21 August 2017"
"Style Shell Men's Regular Fit T-Shirt","https://images-eu.ssl-images-amazon.com/images/I/41iD4UQPptL._AC_UL260_SR200,260_.jpg","3.6 out of 5 stars","1,065","5.0 out of 5 stars","Quality product","Reviewed in India on 30 June 2018"
"Style Shell Men's Regular Fit T-Shirt","https://images-eu.ssl-images-amazon.com/images/I/41iD4UQPptL._AC_UL260_SR200,260_.jpg","3.6 out of 5 stars","1,065","4.0 out of 5 stars","Go for it","Reviewed in India on 17 October 2018"
"Style Shell Men's Regular Fit T-Shirt","https://images-eu.ssl-images-amazon.com/images/I/41iD4UQPptL._AC_UL260_SR200,260_.jpg","3.6 out of 5 stars","1,065","5.0 out of 5 stars","Awesome","Reviewed in India on 17 June 2018"
"Style Shell Men's Regular Fit T-Shirt","https://images-eu.ssl-images-amazon.com/images/I/41iD4UQPptL._AC_UL260_SR200,260_.jpg","3.6 out of 5 stars","1,065","5.0 out of 5 stars","Mast h yaar","Reviewed in India on 13 January 2020"
"Style Shell Men's Regular Fit T-Shirt","https://images-eu.ssl-images-amazon.com/images/I/41iD4UQPptL._AC_UL260_SR200,260_.jpg","3.6 out of 5 stars","1,065","5.0 out of 5 stars","Nice T shirts","Reviewed in India on 8 August 2019"
"Style Shell Men's Regular Fit T-Shirt","https://images-eu.ssl-images-amazon.com/images/I/41iD4UQPptL._AC_UL260_SR200,260_.jpg","3.6 out of 5 stars","1,065","1.0 out of 5 stars","Not bad fabric, I can get in local shop","Reviewed in India on 6 November 2018"
"Style Shell Men's Regular Fit T-Shirt","https://images-eu.ssl-images-amazon.com/images/I/41iD4UQPptL._AC_UL260_SR200,260_.jpg","3.6 out of 5 stars","1,065","5.0 out of 5 stars","Comfortable","Reviewed in India on 18 February 2020"
"Style Shell Men's Regular Fit T-Shirt","https://images-eu.ssl-images-amazon.com/images/I/41iD4UQPptL._AC_UL260_SR200,260_.jpg","3.6 out of 5 stars","1,065","3.0 out of 5 stars","Clothes is good but i have received","Reviewed in India on 10 January 2018"
"Jockey Men's Cotton T-Shirt","https://images-eu.ssl-images-amazon.com/images/I/31GT8WNHpBL._AC_UL260_SR200,260_.jpg","4.3 out of 5 stars","3,037","4.3 out of 5 stars","",""
"Jockey Men's Cotton T-Shirt","https://images-eu.ssl-images-amazon.com/images/I/31GT8WNHpBL._AC_UL260_SR200,260_.jpg","4.3 out of 5 stars","3,037","5.0 out of 5 stars","Super Comfortable T-shirt and good looking","Reviewed in India on 16 December 2018"
"Jockey Men's Cotton T-Shirt","https://images-eu.ssl-images-amazon.com/images/I/31GT8WNHpBL._AC_UL260_SR200,260_.jpg","4.3 out of 5 stars","3,037","2.0 out of 5 stars","fitting..","Reviewed in India on 29 January 2019"
"Jockey Men's Cotton T-Shirt","https://images-eu.ssl-images-amazon.com/images/I/31GT8WNHpBL._AC_UL260_SR200,260_.jpg","4.3 out of 5 stars","3,037","5.0 out of 5 stars","Good fit. Excellent material.","Reviewed in India on 30 May 2018"
"Jockey Men's Cotton T-Shirt","https://images-eu.ssl-images-amazon.com/images/I/31GT8WNHpBL._AC_UL260_SR200,260_.jpg","4.3 out of 5 stars","3,037","5.0 out of 5 stars","Thank you amazon üôèüèª","Reviewed in India on 25 November 2018"
"Jockey Men's Cotton T-Shirt","https://images-eu.ssl-images-amazon.com/images/I/31GT8WNHpBL._AC_UL260_SR200,260_.jpg","4.3 out of 5 stars","3,037","4.0 out of 5 stars","Fair enough quality","Reviewed in India on 24 July 2019"
"Jockey Men's Cotton T-Shirt","https://images-eu.ssl-images-amazon.com/images/I/31GT8WNHpBL._AC_UL260_SR200,260_.jpg","4.3 out of 5 stars","3,037","3.0 out of 5 stars","Quality of fabric is good, but NOT PURE COTTON!","Reviewed in India on 5 November 2018"
"Jockey Men's Cotton T-Shirt","https://images-eu.ssl-images-amazon.com/images/I/31GT8WNHpBL._AC_UL260_SR200,260_.jpg","4.3 out of 5 stars","3,037","5.0 out of 5 stars","Nyc","Reviewed in India on 7 October 2018"
"Jockey Men's Cotton T-Shirt","https://images-eu.ssl-images-amazon.com/images/I/31GT8WNHpBL._AC_UL260_SR200,260_.jpg","4.3 out of 5 stars","3,037","5.0 out of 5 stars","Pricey but long lasting product from Jockey","Reviewed in India on 9 March 2019"
"Jockey Men's Cotton Muscle Tee","https://images-eu.ssl-images-amazon.com/images/I/419FHU0J0FL._AC_UL260_SR200,260_.jpg","4.2 out of 5 stars","1,758","1.0 out of 5 stars","Worst product for 299/-","Reviewed in India on 18 March 2018"
"Jockey Men's Cotton Muscle Tee","https://images-eu.ssl-images-amazon.com/images/I/419FHU0J0FL._AC_UL260_SR200,260_.jpg","4.2 out of 5 stars","1,758","2.0 out of 5 stars","Shoulder straps way too broad for comfort!!","Reviewed in India on 16 October 2019"
"Jockey Men's Cotton Muscle Tee","https://images-eu.ssl-images-amazon.com/images/I/419FHU0J0FL._AC_UL260_SR200,260_.jpg","4.2 out of 5 stars","1,758","4.0 out of 5 stars","Cheap and Best and Branded","Reviewed in India on 15 June 2017"
"Jockey Men's Cotton Muscle Tee","https://images-eu.ssl-images-amazon.com/images/I/419FHU0J0FL._AC_UL260_SR200,260_.jpg","4.2 out of 5 stars","1,758","4.0 out of 5 stars","Okay okay not grt","Reviewed in India on 1 October 2018"
"Jockey Men's Cotton Muscle Tee","https://images-eu.ssl-images-amazon.com/images/I/419FHU0J0FL._AC_UL260_SR200,260_.jpg","4.2 out of 5 stars","1,758","1.0 out of 5 stars","Disappointment","Reviewed in India on 24 April 2019"
"Jockey Men's Cotton Muscle Tee","https://images-eu.ssl-images-amazon.com/images/I/419FHU0J0FL._AC_UL260_SR200,260_.jpg","4.2 out of 5 stars","1,758","5.0 out of 5 stars","Very Nice Design","Reviewed in India on 3 January 2019"
"Jockey Men's Cotton Muscle Tee","https://images-eu.ssl-images-amazon.com/images/I/419FHU0J0FL._AC_UL260_SR200,260_.jpg","4.2 out of 5 stars","1,758","5.0 out of 5 stars","The best out there in market","Reviewed in India on 9 March 2019"
"Jockey Men's Cotton Muscle Tee","https://images-eu.ssl-images-amazon.com/images/I/419FHU0J0FL._AC_UL260_SR200,260_.jpg","4.2 out of 5 stars","1,758","1.0 out of 5 stars","A jackal in a lion's skin.","Reviewed in India on 1 June 2020"
"US Polo Association Men's Solid Regular Fit T-Shirt","https://images-eu.ssl-images-amazon.com/images/I/41uqAgpGIYL._AC_UL260_SR200,260_.jpg","3.8 out of 5 stars","870","5.0 out of 5 stars","Good Buy","Reviewed in India on 14 October 2019"
"US Polo Association Men's Solid Regular Fit T-Shirt","https://images-eu.ssl-images-amazon.com/images/I/41uqAgpGIYL._AC_UL260_SR200,260_.jpg","3.8 out of 5 stars","870","1.0 out of 5 stars","Not genuine","Reviewed in India on 12 August 2018"
"US Polo Association Men's Solid Regular Fit T-Shirt","https://images-eu.ssl-images-amazon.com/images/I/41uqAgpGIYL._AC_UL260_SR200,260_.jpg","3.8 out of 5 stars","870","4.0 out of 5 stars","Decent quality!!","Reviewed in India on 12 March 2020"
"US Polo Association Men's Solid Regular Fit T-Shirt","https://images-eu.ssl-images-amazon.com/images/I/41uqAgpGIYL._AC_UL260_SR200,260_.jpg","3.8 out of 5 stars","870","1.0 out of 5 stars","WORST SELLER","Reviewed in India on 16 October 2019"
"US Polo Association Men's Solid Regular Fit T-Shirt","https://images-eu.ssl-images-amazon.com/images/I/41uqAgpGIYL._AC_UL260_SR200,260_.jpg","3.8 out of 5 stars","870","1.0 out of 5 stars","Defective product received","Reviewed in India on 23 October 2019"
"US Polo Association Men's Solid Regular Fit T-Shirt","https://images-eu.ssl-images-amazon.com/images/I/41uqAgpGIYL._AC_UL260_SR200,260_.jpg","3.8 out of 5 stars","870","3.0 out of 5 stars","Ok","Reviewed in India on 27 October 2019"
"US Polo Association Men's Solid Regular Fit T-Shirt","https://images-eu.ssl-images-amazon.com/images/I/41uqAgpGIYL._AC_UL260_SR200,260_.jpg","3.8 out of 5 stars","870","1.0 out of 5 stars","Fake","Reviewed in India on 12 February 2020"
"US Polo Association Men's Solid Regular Fit T-Shirt","https://images-eu.ssl-images-amazon.com/images/I/41uqAgpGIYL._AC_UL260_SR200,260_.jpg","3.8 out of 5 stars","870","1.0 out of 5 stars","Mismatch Product","Reviewed in India on 7 August 2019"
"PrintOctopus Men's Regular Fit T-Shirt","https://images-eu.ssl-images-amazon.com/images/I/4147PbMvZlL._AC_UL260_SR200,260_.jpg","3.8 out of 5 stars","372","5.0 out of 5 stars","Go for it","Reviewed in India on 27 June 2019"
"PrintOctopus Men's Regular Fit T-Shirt","https://images-eu.ssl-images-amazon.com/images/I/4147PbMvZlL._AC_UL260_SR200,260_.jpg","3.8 out of 5 stars","372","4.0 out of 5 stars","Good product. Prompt delivery","Reviewed in India on 17 October 2018"
"PrintOctopus Men's Regular Fit T-Shirt","https://images-eu.ssl-images-amazon.com/images/I/4147PbMvZlL._AC_UL260_SR200,260_.jpg","3.8 out of 5 stars","372","4.0 out of 5 stars","Good product but size is big","Reviewed in India on 11 June 2020"
"PrintOctopus Men's Regular Fit T-Shirt","https://images-eu.ssl-images-amazon.com/images/I/4147PbMvZlL._AC_UL260_SR200,260_.jpg","3.8 out of 5 stars","372","4.0 out of 5 stars","Size and Print","Reviewed in India on 5 September 2019"
"PrintOctopus Men's Regular Fit T-Shirt","https://images-eu.ssl-images-amazon.com/images/I/4147PbMvZlL._AC_UL260_SR200,260_.jpg","3.8 out of 5 stars","372","4.0 out of 5 stars","Nice","Reviewed in India on 15 February 2019"
"PrintOctopus Men's Regular Fit T-Shirt","https://images-eu.ssl-images-amazon.com/images/I/4147PbMvZlL._AC_UL260_SR200,260_.jpg","3.8 out of 5 stars","372","4.0 out of 5 stars","Nice","Reviewed in India on 7 June 2020"
"PrintOctopus Men's Regular Fit T-Shirt","https://images-eu.ssl-images-amazon.com/images/I/4147PbMvZlL._AC_UL260_SR200,260_.jpg","3.8 out of 5 stars","372","1.0 out of 5 stars","tshirt looks too glorified on website","Reviewed in India on 9 January 2020"
"PrintOctopus Men's Regular Fit T-Shirt","https://images-eu.ssl-images-amazon.com/images/I/4147PbMvZlL._AC_UL260_SR200,260_.jpg","3.8 out of 5 stars","372","4.0 out of 5 stars","PrintOctopus printed t-shirts","Reviewed in India on 5 December 2019"
"London Hills Men's Regular Fit T-Shirt (Pack of 4)","https://images-eu.ssl-images-amazon.com/images/I/5144m8KSZZL._AC_UL260_SR200,260_.jpg","4 out of 5 stars","539","3.0 out of 5 stars","It's good","Reviewed in India on 4 April 2019"
"London Hills Men's Regular Fit T-Shirt (Pack of 4)","https://images-eu.ssl-images-amazon.com/images/I/5144m8KSZZL._AC_UL260_SR200,260_.jpg","4 out of 5 stars","539","5.0 out of 5 stars","Soft and quality fabric.","Reviewed in India on 11 October 2018"
"London Hills Men's Regular Fit T-Shirt (Pack of 4)","https://images-eu.ssl-images-amazon.com/images/I/5144m8KSZZL._AC_UL260_SR200,260_.jpg","4 out of 5 stars","539","5.0 out of 5 stars","Soft garment - recommended","Reviewed in India on 24 November 2018"
"London Hills Men's Regular Fit T-Shirt (Pack of 4)","https://images-eu.ssl-images-amazon.com/images/I/5144m8KSZZL._AC_UL260_SR200,260_.jpg","4 out of 5 stars","539","1.0 out of 5 stars","Clolou bleeds after first wash.! Don't go for it","Reviewed in India on 5 August 2019"
"London Hills Men's Regular Fit T-Shirt (Pack of 4)","https://images-eu.ssl-images-amazon.com/images/I/5144m8KSZZL._AC_UL260_SR200,260_.jpg","4 out of 5 stars","539","1.0 out of 5 stars","Don't buy","Reviewed in India on 27 September 2019"
"London Hills Men's Regular Fit T-Shirt (Pack of 4)","https://images-eu.ssl-images-amazon.com/images/I/5144m8KSZZL._AC_UL260_SR200,260_.jpg","4 out of 5 stars","539","1.0 out of 5 stars","Cheap product not worth buying","Reviewed in India on 1 September 2019"
"London Hills Men's Regular Fit T-Shirt (Pack of 4)","https://images-eu.ssl-images-amazon.com/images/I/5144m8KSZZL._AC_UL260_SR200,260_.jpg","4 out of 5 stars","539","2.0 out of 5 stars","Incorrect product description and very poor quality","Reviewed in India on 1 July 2020"
"London Hills Men's Regular Fit T-Shirt (Pack of 4)","https://images-eu.ssl-images-amazon.com/images/I/5144m8KSZZL._AC_UL260_SR200,260_.jpg","4 out of 5 stars","539","3.0 out of 5 stars","Thick material. Not suitable for gym wear.","Reviewed in India on 7 September 2019"
"Leotude Men's Cotton Printed Premium T-Shirt Half Sleeve Black Maroon Colour","https://images-eu.ssl-images-amazon.com/images/I/41-0sHh3BPL._AC_UL260_SR200,260_.jpg","3.7 out of 5 stars","71","1.0 out of 5 stars","Very ordinary quality","Reviewed in India on 20 February 2020"
"Leotude Men's Cotton Printed Premium T-Shirt Half Sleeve Black Maroon Colour","https://images-eu.ssl-images-amazon.com/images/I/41-0sHh3BPL._AC_UL260_SR200,260_.jpg","3.7 out of 5 stars","71","5.0 out of 5 stars","Go for it!","Reviewed in India on 6 March 2020"
"Leotude Men's Cotton Printed Premium T-Shirt Half Sleeve Black Maroon Colour","https://images-eu.ssl-images-amazon.com/images/I/41-0sHh3BPL._AC_UL260_SR200,260_.jpg","3.7 out of 5 stars","71","1.0 out of 5 stars","Don't buy","Reviewed in India on 22 February 2020"
"Leotude Men's Cotton Printed Premium T-Shirt Half Sleeve Black Maroon Colour","https://images-eu.ssl-images-amazon.com/images/I/41-0sHh3BPL._AC_UL260_SR200,260_.jpg","3.7 out of 5 stars","71","5.0 out of 5 stars","nice","Reviewed in India on 24 February 2020"
"Leotude Men's Cotton Printed Premium T-Shirt Half Sleeve Black Maroon Colour","https://images-eu.ssl-images-amazon.com/images/I/41-0sHh3BPL._AC_UL260_SR200,260_.jpg","3.7 out of 5 stars","71","4.0 out of 5 stars","Good product","Reviewed in India on 21 May 2020"
"Leotude Men's Cotton Printed Premium T-Shirt Half Sleeve Black Maroon Colour","https://images-eu.ssl-images-amazon.com/images/I/41-0sHh3BPL._AC_UL260_SR200,260_.jpg","3.7 out of 5 stars","71","5.0 out of 5 stars","Value for money","Reviewed in India on 9 March 2020"
"Leotude Men's Cotton Printed Premium T-Shirt Half Sleeve Black Maroon Colour","https://images-eu.ssl-images-amazon.com/images/I/41-0sHh3BPL._AC_UL260_SR200,260_.jpg","3.7 out of 5 stars","71","1.0 out of 5 stars","Printing not good","Reviewed in India on 13 March 2020"
"Leotude Men's Cotton Printed Premium T-Shirt Half Sleeve Black Maroon Colour","https://images-eu.ssl-images-amazon.com/images/I/41-0sHh3BPL._AC_UL260_SR200,260_.jpg","3.7 out of 5 stars","71","5.0 out of 5 stars","Nice t shirt. Must buy","Reviewed in India on 11 February 2020"
"Amazon Brand - Symbol Men's Solid Regular Fit Half Sleeve Cotton T-Shirt (Combo Pack of 5)","https://images-eu.ssl-images-amazon.com/images/I/41G+4Mn1aTL._AC_UL260_SR200,260_.jpg","3.9 out of 5 stars","948","3.0 out of 5 stars","Good bt nothing extraordinary.","Reviewed in India on 16 January 2019"
"Amazon Brand - Symbol Men's Solid Regular Fit Half Sleeve Cotton T-Shirt (Combo Pack of 5)","https://images-eu.ssl-images-amazon.com/images/I/41G+4Mn1aTL._AC_UL260_SR200,260_.jpg","3.9 out of 5 stars","948","5.0 out of 5 stars","Review after 2 months use","Reviewed in India on 10 February 2018"
"Amazon Brand - Symbol Men's Solid Regular Fit Half Sleeve Cotton T-Shirt (Combo Pack of 5)","https://images-eu.ssl-images-amazon.com/images/I/41G+4Mn1aTL._AC_UL260_SR200,260_.jpg","3.9 out of 5 stars","948","4.0 out of 5 stars","Received Wrong Neckline, Nice fabric but be careful with the sizes","Reviewed in India on 14 October 2018"
"Amazon Brand - Symbol Men's Solid Regular Fit Half Sleeve Cotton T-Shirt (Combo Pack of 5)","https://images-eu.ssl-images-amazon.com/images/I/41G+4Mn1aTL._AC_UL260_SR200,260_.jpg","3.9 out of 5 stars","948","1.0 out of 5 stars","Absolute rubbish...","Reviewed in India on 27 January 2019"
"Amazon Brand - Symbol Men's Solid Regular Fit Half Sleeve Cotton T-Shirt (Combo Pack of 5)","https://images-eu.ssl-images-amazon.com/images/I/41G+4Mn1aTL._AC_UL260_SR200,260_.jpg","3.9 out of 5 stars","948","1.0 out of 5 stars","Everybody is sleeping N nobody‚Äôs both to take words seriously??","Reviewed in India on 15 November 2018"
"Amazon Brand - Symbol Men's Solid Regular Fit Half Sleeve Cotton T-Shirt (Combo Pack of 5)","https://images-eu.ssl-images-amazon.com/images/I/41G+4Mn1aTL._AC_UL260_SR200,260_.jpg","3.9 out of 5 stars","948","5.0 out of 5 stars","Great deal. fantastic material. Stich n finish can be better","Reviewed in India on 24 January 2020"
"Amazon Brand - Symbol Men's Solid Regular Fit Half Sleeve Cotton T-Shirt (Combo Pack of 5)","https://images-eu.ssl-images-amazon.com/images/I/41G+4Mn1aTL._AC_UL260_SR200,260_.jpg","3.9 out of 5 stars","948","1.0 out of 5 stars","Cheap product from Amazon itself","Reviewed in India on 27 January 2019"
"Amazon Brand - Symbol Men's Solid Regular Fit Half Sleeve Cotton T-Shirt (Combo Pack of 5)","https://images-eu.ssl-images-amazon.com/images/I/41G+4Mn1aTL._AC_UL260_SR200,260_.jpg","3.9 out of 5 stars","948","5.0 out of 5 stars","Fabric quality is good. Fit is as expected","Reviewed in India on 16 October 2017"
"Maniac Men's Slim Fit T-Shirt","https://images-eu.ssl-images-amazon.com/images/I/41eSrDY+2uL._AC_UL260_SR200,260_.jpg","3.6 out of 5 stars","164","2.0 out of 5 stars","Not satisfied.","Reviewed in India on 4 October 2019"
"Maniac Men's Slim Fit T-Shirt","https://images-eu.ssl-images-amazon.com/images/I/41eSrDY+2uL._AC_UL260_SR200,260_.jpg","3.6 out of 5 stars","164","1.0 out of 5 stars","Worst quality product","Reviewed in India on 6 October 2019"
"Maniac Men's Slim Fit T-Shirt","https://images-eu.ssl-images-amazon.com/images/I/41eSrDY+2uL._AC_UL260_SR200,260_.jpg","3.6 out of 5 stars","164","2.0 out of 5 stars","T shirt","Reviewed in India on 15 February 2020"
"Maniac Men's Slim Fit T-Shirt","https://images-eu.ssl-images-amazon.com/images/I/41eSrDY+2uL._AC_UL260_SR200,260_.jpg","3.6 out of 5 stars","164","5.0 out of 5 stars","Trendy n casual wear..","Reviewed in India on 22 February 2020"
"Maniac Men's Slim Fit T-Shirt","https://images-eu.ssl-images-amazon.com/images/I/41eSrDY+2uL._AC_UL260_SR200,260_.jpg","3.6 out of 5 stars","164","5.0 out of 5 stars","THIS IS A KILLER-DEAL!!!!!","Reviewed in India on 18 June 2020"
"Maniac Men's Slim Fit T-Shirt","https://images-eu.ssl-images-amazon.com/images/I/41eSrDY+2uL._AC_UL260_SR200,260_.jpg","3.6 out of 5 stars","164","4.0 out of 5 stars","Nice product in this price range. Go for it üòä","Reviewed in India on 18 March 2020"
"Maniac Men's Slim Fit T-Shirt","https://images-eu.ssl-images-amazon.com/images/I/41eSrDY+2uL._AC_UL260_SR200,260_.jpg","3.6 out of 5 stars","164","5.0 out of 5 stars","Value For Money","Reviewed in India on 2 July 2019"
"Maniac Men's Slim Fit T-Shirt","https://images-eu.ssl-images-amazon.com/images/I/41eSrDY+2uL._AC_UL260_SR200,260_.jpg","3.6 out of 5 stars","164","5.0 out of 5 stars","Great Product , Highly recommend it !!","Reviewed in India on 1 June 2020"
"WEXFORD Men's Regular Fit Polos","https://images-eu.ssl-images-amazon.com/images/I/415SuLdDTML._AC_UL260_SR200,260_.jpg","3.8 out of 5 stars","777","1.0 out of 5 stars","Very poor stitching...","Reviewed in India on 17 January 2019"
"WEXFORD Men's Regular Fit Polos","https://images-eu.ssl-images-amazon.com/images/I/415SuLdDTML._AC_UL260_SR200,260_.jpg","3.8 out of 5 stars","777","2.0 out of 5 stars","No","Reviewed in India on 28 December 2018"
"WEXFORD Men's Regular Fit Polos","https://images-eu.ssl-images-amazon.com/images/I/415SuLdDTML._AC_UL260_SR200,260_.jpg","3.8 out of 5 stars","777","5.0 out of 5 stars","Five Stars","Reviewed in India on 31 July 2018"
"WEXFORD Men's Regular Fit Polos","https://images-eu.ssl-images-amazon.com/images/I/415SuLdDTML._AC_UL260_SR200,260_.jpg","3.8 out of 5 stars","777","3.0 out of 5 stars","Colour runs!!","Reviewed in India on 10 March 2019"
"WEXFORD Men's Regular Fit Polos","https://images-eu.ssl-images-amazon.com/images/I/415SuLdDTML._AC_UL260_SR200,260_.jpg","3.8 out of 5 stars","777","5.0 out of 5 stars","Quality does matter.","Reviewed in India on 12 November 2019"
"WEXFORD Men's Regular Fit Polos","https://images-eu.ssl-images-amazon.com/images/I/415SuLdDTML._AC_UL260_SR200,260_.jpg","3.8 out of 5 stars","777","4.0 out of 5 stars","Nice product","Reviewed in India on 24 August 2019"
"WEXFORD Men's Regular Fit Polos","https://images-eu.ssl-images-amazon.com/images/I/415SuLdDTML._AC_UL260_SR200,260_.jpg","3.8 out of 5 stars","777","4.0 out of 5 stars","nice stuff","Reviewed in India on 11 November 2019"
"WEXFORD Men's Regular Fit Polos","https://images-eu.ssl-images-amazon.com/images/I/415SuLdDTML._AC_UL260_SR200,260_.jpg","3.8 out of 5 stars","777","5.0 out of 5 stars","Vibrant colour tee","Reviewed in India on 29 August 2019"
"Max Men's Slim fit Polo","https://images-eu.ssl-images-amazon.com/images/I/411xODqlurL._AC_UL260_SR200,260_.jpg","4.2 out of 5 stars","216","5.0 out of 5 stars","Nice T-shirt...","Reviewed in India on 27 February 2020"
"Max Men's Slim fit Polo","https://images-eu.ssl-images-amazon.com/images/I/411xODqlurL._AC_UL260_SR200,260_.jpg","4.2 out of 5 stars","216","5.0 out of 5 stars","Superb","Reviewed in India on 4 March 2020"
"Max Men's Slim fit Polo","https://images-eu.ssl-images-amazon.com/images/I/411xODqlurL._AC_UL260_SR200,260_.jpg","4.2 out of 5 stars","216","3.0 out of 5 stars","Size larger and Regular fit.","Reviewed in India on 27 February 2020"
"Max Men's Slim fit Polo","https://images-eu.ssl-images-amazon.com/images/I/411xODqlurL._AC_UL260_SR200,260_.jpg","4.2 out of 5 stars","216","4.0 out of 5 stars","Decent purchase","Reviewed in India on 9 March 2020"
"Max Men's Slim fit Polo","https://images-eu.ssl-images-amazon.com/images/I/411xODqlurL._AC_UL260_SR200,260_.jpg","4.2 out of 5 stars","216","5.0 out of 5 stars","Really good","Reviewed in India on 20 March 2020"
"Max Men's Slim fit Polo","https://images-eu.ssl-images-amazon.com/images/I/411xODqlurL._AC_UL260_SR200,260_.jpg","4.2 out of 5 stars","216","5.0 out of 5 stars","Fresh color, comfy, classy","Reviewed in India on 14 June 2020"
"Max Men's Slim fit Polo","https://images-eu.ssl-images-amazon.com/images/I/411xODqlurL._AC_UL260_SR200,260_.jpg","4.2 out of 5 stars","216","5.0 out of 5 stars","Best as product as expected","Reviewed in India on 4 July 2020"
"Max Men's Slim fit Polo","https://images-eu.ssl-images-amazon.com/images/I/411xODqlurL._AC_UL260_SR200,260_.jpg","4.2 out of 5 stars","216","5.0 out of 5 stars","Very good..","Reviewed in India on 5 July 2020"
"WEXFORD Men's Regular Fit Polos","https://images-eu.ssl-images-amazon.com/images/I/41-TWMwf4UL._AC_UL260_SR200,260_.jpg","3.8 out of 5 stars","846","5.0 out of 5 stars","Good","Reviewed in India on 28 November 2018"
"WEXFORD Men's Regular Fit Polos","https://images-eu.ssl-images-amazon.com/images/I/41-TWMwf4UL._AC_UL260_SR200,260_.jpg","3.8 out of 5 stars","846","5.0 out of 5 stars","Exactly as shown","Reviewed in India on 26 August 2018"
"WEXFORD Men's Regular Fit Polos","https://images-eu.ssl-images-amazon.com/images/I/41-TWMwf4UL._AC_UL260_SR200,260_.jpg","3.8 out of 5 stars","846","3.0 out of 5 stars","Not bad. I bought three t shirts but the quality ...","Reviewed in India on 17 February 2018"
"WEXFORD Men's Regular Fit Polos","https://images-eu.ssl-images-amazon.com/images/I/41-TWMwf4UL._AC_UL260_SR200,260_.jpg","3.8 out of 5 stars","846","1.0 out of 5 stars","Don‚Äôt purchase, money vest","Reviewed in India on 2 July 2019"
"WEXFORD Men's Regular Fit Polos","https://images-eu.ssl-images-amazon.com/images/I/41-TWMwf4UL._AC_UL260_SR200,260_.jpg","3.8 out of 5 stars","846","5.0 out of 5 stars","Excellent as aspectwd","Reviewed in India on 26 December 2018"
"WEXFORD Men's Regular Fit Polos","https://images-eu.ssl-images-amazon.com/images/I/41-TWMwf4UL._AC_UL260_SR200,260_.jpg","3.8 out of 5 stars","846","1.0 out of 5 stars","For cleaning ur car only not for wearing.","Reviewed in India on 21 August 2018"
"WEXFORD Men's Regular Fit Polos","https://images-eu.ssl-images-amazon.com/images/I/41-TWMwf4UL._AC_UL260_SR200,260_.jpg","3.8 out of 5 stars","846","2.0 out of 5 stars","Disappointed ‚òπÔ∏è I have wested my time.","Reviewed in India on 5 July 2020"
"WEXFORD Men's Regular Fit Polos","https://images-eu.ssl-images-amazon.com/images/I/41-TWMwf4UL._AC_UL260_SR200,260_.jpg","3.8 out of 5 stars","846","5.0 out of 5 stars","Supriya Ray.","Reviewed in India on 9 July 2018"
"Scott International Men's Basic Cotton Round Neck Half Sleeve Solid T-Shirts - Pack of 3","https://images-eu.ssl-images-amazon.com/images/I/41ohEtFCgIL._AC_UL260_SR200,260_.jpg","3.4 out of 5 stars","1,742","5.0 out of 5 stars","fabulous","Reviewed in India on 7 June 2017"
"Scott International Men's Basic Cotton Round Neck Half Sleeve Solid T-Shirts - Pack of 3","https://images-eu.ssl-images-amazon.com/images/I/41ohEtFCgIL._AC_UL260_SR200,260_.jpg","3.4 out of 5 stars","1,742","1.0 out of 5 stars","Quality is not good","Reviewed in India on 5 July 2017"
"Scott International Men's Basic Cotton Round Neck Half Sleeve Solid T-Shirts - Pack of 3","https://images-eu.ssl-images-amazon.com/images/I/41ohEtFCgIL._AC_UL260_SR200,260_.jpg","3.4 out of 5 stars","1,742","4.0 out of 5 stars","Good buy","Reviewed in India on 27 July 2017"
"Scott International Men's Basic Cotton Round Neck Half Sleeve Solid T-Shirts - Pack of 3","https://images-eu.ssl-images-amazon.com/images/I/41ohEtFCgIL._AC_UL260_SR200,260_.jpg","3.4 out of 5 stars","1,742","1.0 out of 5 stars","Disappointing!","Reviewed in India on 26 March 2018"
"Scott International Men's Basic Cotton Round Neck Half Sleeve Solid T-Shirts - Pack of 3","https://images-eu.ssl-images-amazon.com/images/I/41ohEtFCgIL._AC_UL260_SR200,260_.jpg","3.4 out of 5 stars","1,742","1.0 out of 5 stars","Slip shod management","Reviewed in India on 10 June 2018"
"Scott International Men's Basic Cotton Round Neck Half Sleeve Solid T-Shirts - Pack of 3","https://images-eu.ssl-images-amazon.com/images/I/41ohEtFCgIL._AC_UL260_SR200,260_.jpg","3.4 out of 5 stars","1,742","1.0 out of 5 stars","Waste of money, dont buy","Reviewed in India on 20 June 2020"
"Scott International Men's Basic Cotton Round Neck Half Sleeve Solid T-Shirts - Pack of 3","https://images-eu.ssl-images-amazon.com/images/I/41ohEtFCgIL._AC_UL260_SR200,260_.jpg","3.4 out of 5 stars","1,742","3.0 out of 5 stars","VFM if available at a good discount.","Reviewed in India on 11 March 2018"
"Scott International Men's Basic Cotton Round Neck Half Sleeve Solid T-Shirts - Pack of 3","https://images-eu.ssl-images-amazon.com/images/I/41ohEtFCgIL._AC_UL260_SR200,260_.jpg","3.4 out of 5 stars","1,742","5.0 out of 5 stars","Good cotton tees.","Reviewed in India on 1 August 2019"
"EYEBOGLER Regular Men's Fit Designer T-Shirt","https://images-eu.ssl-images-amazon.com/images/I/41ZsG6OVWLL._AC_UL260_SR200,260_.jpg","3.6 out of 5 stars","576","3.0 out of 5 stars","Duplicate product","Reviewed in India on 13 November 2019"
"EYEBOGLER Regular Men's Fit Designer T-Shirt","https://images-eu.ssl-images-amazon.com/images/I/41ZsG6OVWLL._AC_UL260_SR200,260_.jpg","3.6 out of 5 stars","576","2.0 out of 5 stars","Not satisfied","Reviewed in India on 20 September 2019"
"EYEBOGLER Regular Men's Fit Designer T-Shirt","https://images-eu.ssl-images-amazon.com/images/I/41ZsG6OVWLL._AC_UL260_SR200,260_.jpg","3.6 out of 5 stars","576","4.0 out of 5 stars","Value for money","Reviewed in India on 28 October 2019"
"EYEBOGLER Regular Men's Fit Designer T-Shirt","https://images-eu.ssl-images-amazon.com/images/I/41ZsG6OVWLL._AC_UL260_SR200,260_.jpg","3.6 out of 5 stars","576","4.0 out of 5 stars","Nice fabric and good fit as well","Reviewed in India on 5 October 2019"
"EYEBOGLER Regular Men's Fit Designer T-Shirt","https://images-eu.ssl-images-amazon.com/images/I/41ZsG6OVWLL._AC_UL260_SR200,260_.jpg","3.6 out of 5 stars","576","5.0 out of 5 stars","Toooooo goooood","Reviewed in India on 3 October 2019"
"EYEBOGLER Regular Men's Fit Designer T-Shirt","https://images-eu.ssl-images-amazon.com/images/I/41ZsG6OVWLL._AC_UL260_SR200,260_.jpg","3.6 out of 5 stars","576","2.0 out of 5 stars","Not as per adv.","Reviewed in India on 21 November 2019"
"EYEBOGLER Regular Men's Fit Designer T-Shirt","https://images-eu.ssl-images-amazon.com/images/I/41ZsG6OVWLL._AC_UL260_SR200,260_.jpg","3.6 out of 5 stars","576","4.0 out of 5 stars","slightly tight","Reviewed in India on 9 February 2020"
"EYEBOGLER Regular Men's Fit Designer T-Shirt","https://images-eu.ssl-images-amazon.com/images/I/41ZsG6OVWLL._AC_UL260_SR200,260_.jpg","3.6 out of 5 stars","576","4.0 out of 5 stars","Good","Reviewed in India on 22 November 2019"
"WEXFORD Men's Regular Fit Polos","https://images-eu.ssl-images-amazon.com/images/I/51-qs9Dy8nL._AC_UL260_SR200,260_.jpg","3.6 out of 5 stars","600","3.6 out of 5 stars","",""
"WEXFORD Men's Regular Fit Polos","https://images-eu.ssl-images-amazon.com/images/I/51-qs9Dy8nL._AC_UL260_SR200,260_.jpg","3.6 out of 5 stars","600","3.6 out of 5 stars","",""
"WEXFORD Men's Regular Fit Polos","https://images-eu.ssl-images-amazon.com/images/I/51-qs9Dy8nL._AC_UL260_SR200,260_.jpg","3.6 out of 5 stars","600","3.6 out of 5 stars","",""
"WEXFORD Men's Regular Fit Polos","https://images-eu.ssl-images-amazon.com/images/I/51-qs9Dy8nL._AC_UL260_SR200,260_.jpg","3.6 out of 5 stars","600","2.0 out of 5 stars","Good design but not a high quality product","Reviewed in India on 30 April 2019"
"WEXFORD Men's Regular Fit Polos","https://images-eu.ssl-images-amazon.com/images/I/51-qs9Dy8nL._AC_UL260_SR200,260_.jpg","3.6 out of 5 stars","600","1.0 out of 5 stars","T Shirt quality so poor that its torn apart on wearing it for first ...","Reviewed in India on 26 February 2018"
"WEXFORD Men's Regular Fit Polos","https://images-eu.ssl-images-amazon.com/images/I/51-qs9Dy8nL._AC_UL260_SR200,260_.jpg","3.6 out of 5 stars","600","1.0 out of 5 stars","Worst product evr purchased.. its like use and throw.. dont buy","Reviewed in India on 26 September 2019"
"WEXFORD Men's Regular Fit Polos","https://images-eu.ssl-images-amazon.com/images/I/51-qs9Dy8nL._AC_UL260_SR200,260_.jpg","3.6 out of 5 stars","600","1.0 out of 5 stars","low quality product...","Reviewed in India on 4 November 2018"
"WEXFORD Men's Regular Fit Polos","https://images-eu.ssl-images-amazon.com/images/I/51-qs9Dy8nL._AC_UL260_SR200,260_.jpg","3.6 out of 5 stars","600","1.0 out of 5 stars","Fraud. Received entirely different product.","Reviewed in India on 15 June 2020"
"WEXFORD Men's Regular Fit Polos","https://images-eu.ssl-images-amazon.com/images/I/51-qs9Dy8nL._AC_UL260_SR200,260_.jpg","3.6 out of 5 stars","600","1.0 out of 5 stars","Worst quality","Reviewed in India on 20 September 2019"
"WEXFORD Men's Regular Fit Polos","https://images-eu.ssl-images-amazon.com/images/I/51-qs9Dy8nL._AC_UL260_SR200,260_.jpg","3.6 out of 5 stars","600","5.0 out of 5 stars","Very good fabric","Reviewed in India on 22 October 2019"
"WEXFORD Men's Regular Fit Polos","https://images-eu.ssl-images-amazon.com/images/I/51-qs9Dy8nL._AC_UL260_SR200,260_.jpg","3.6 out of 5 stars","600","5.0 out of 5 stars","Good quality and design T shirt","Reviewed in India on 18 November 2019"
"WEXFORD Men's Regular Fit Polos","https://images-eu.ssl-images-amazon.com/images/I/41+lVUQWJgL._AC_UL260_SR200,260_.jpg","3.6 out of 5 stars","349","4.0 out of 5 stars","the product is awesome. But as per the size chart given I ...","Reviewed in India on 6 December 2017"
"WEXFORD Men's Regular Fit Polos","https://images-eu.ssl-images-amazon.com/images/I/41+lVUQWJgL._AC_UL260_SR200,260_.jpg","3.6 out of 5 stars","349","4.0 out of 5 stars","Nice t shirt ..","Reviewed in India on 8 October 2019"
"WEXFORD Men's Regular Fit Polos","https://images-eu.ssl-images-amazon.com/images/I/41+lVUQWJgL._AC_UL260_SR200,260_.jpg","3.6 out of 5 stars","349","1.0 out of 5 stars","Worst quality","Reviewed in India on 20 September 2019"
"WEXFORD Men's Regular Fit Polos","https://images-eu.ssl-images-amazon.com/images/I/41+lVUQWJgL._AC_UL260_SR200,260_.jpg","3.6 out of 5 stars","349","1.0 out of 5 stars","Very bad quality","Reviewed in India on 24 December 2018"
"WEXFORD Men's Regular Fit Polos","https://images-eu.ssl-images-amazon.com/images/I/41+lVUQWJgL._AC_UL260_SR200,260_.jpg","3.6 out of 5 stars","349","1.0 out of 5 stars","Wasted my money","Reviewed in India on 27 March 2018"
"WEXFORD Men's Regular Fit Polos","https://images-eu.ssl-images-amazon.com/images/I/41+lVUQWJgL._AC_UL260_SR200,260_.jpg","3.6 out of 5 stars","349","2.0 out of 5 stars","Two Stars","Reviewed in India on 21 January 2018"
"WEXFORD Men's Regular Fit Polos","https://images-eu.ssl-images-amazon.com/images/I/41+lVUQWJgL._AC_UL260_SR200,260_.jpg","3.6 out of 5 stars","349","1.0 out of 5 stars","Feels like cheap stuff","Reviewed in India on 27 March 2019"
"WEXFORD Men's Regular Fit Polos","https://images-eu.ssl-images-amazon.com/images/I/41+lVUQWJgL._AC_UL260_SR200,260_.jpg","3.6 out of 5 stars","349","3.0 out of 5 stars","Three Stars","Reviewed in India on 9 December 2017"
"Amazon Brand - Symbol Men's Solid Regular Fit Half Sleeve Cotton T-Shirt (Combo Pack of 2)","https://images-eu.ssl-images-amazon.com/images/I/41U51pQIPHL._AC_UL260_SR200,260_.jpg","3.4 out of 5 stars","384","4.0 out of 5 stars","Best Purchase Ever","Reviewed in India on 28 October 2018"
"Amazon Brand - Symbol Men's Solid Regular Fit Half Sleeve Cotton T-Shirt (Combo Pack of 2)","https://images-eu.ssl-images-amazon.com/images/I/41U51pQIPHL._AC_UL260_SR200,260_.jpg","3.4 out of 5 stars","384","3.0 out of 5 stars","Bad experience with that...","Reviewed in India on 7 June 2020"
"Amazon Brand - Symbol Men's Solid Regular Fit Half Sleeve Cotton T-Shirt (Combo Pack of 2)","https://images-eu.ssl-images-amazon.com/images/I/41U51pQIPHL._AC_UL260_SR200,260_.jpg","3.4 out of 5 stars","384","2.0 out of 5 stars","Not good, Shrinks after a wash","Reviewed in India on 4 June 2020"
"Amazon Brand - Symbol Men's Solid Regular Fit Half Sleeve Cotton T-Shirt (Combo Pack of 2)","https://images-eu.ssl-images-amazon.com/images/I/41U51pQIPHL._AC_UL260_SR200,260_.jpg","3.4 out of 5 stars","384","2.0 out of 5 stars","Good fit but the quality is compromised","Reviewed in India on 24 May 2020"
"Amazon Brand - Symbol Men's Solid Regular Fit Half Sleeve Cotton T-Shirt (Combo Pack of 2)","https://images-eu.ssl-images-amazon.com/images/I/41U51pQIPHL._AC_UL260_SR200,260_.jpg","3.4 out of 5 stars","384","2.0 out of 5 stars","Below average","Reviewed in India on 28 June 2020"
"Amazon Brand - Symbol Men's Solid Regular Fit Half Sleeve Cotton T-Shirt (Combo Pack of 2)","https://images-eu.ssl-images-amazon.com/images/I/41U51pQIPHL._AC_UL260_SR200,260_.jpg","3.4 out of 5 stars","384","2.0 out of 5 stars","Dont buy.","Reviewed in India on 22 June 2020"
"Amazon Brand - Symbol Men's Solid Regular Fit Half Sleeve Cotton T-Shirt (Combo Pack of 2)","https://images-eu.ssl-images-amazon.com/images/I/41U51pQIPHL._AC_UL260_SR200,260_.jpg","3.4 out of 5 stars","384","4.0 out of 5 stars","Best quality in 200 rupees t-shirts. Good fabric and comfortable","Reviewed in India on 8 September 2019"
"Amazon Brand - Symbol Men's Solid Regular Fit Half Sleeve Cotton T-Shirt (Combo Pack of 2)","https://images-eu.ssl-images-amazon.com/images/I/41U51pQIPHL._AC_UL260_SR200,260_.jpg","3.4 out of 5 stars","384","1.0 out of 5 stars","Defective Quality T - Shirts","Reviewed in India on 29 June 2020"
"Veirdo Men's Regular Fit T-Shirt","https://images-eu.ssl-images-amazon.com/images/I/41zVV7JQXGL._AC_UL260_SR200,260_.jpg","4 out of 5 stars","373","4.0 out of 5 stars","Just bring it... Nice fit","Reviewed in India on 30 July 2018"
"Veirdo Men's Regular Fit T-Shirt","https://images-eu.ssl-images-amazon.com/images/I/41zVV7JQXGL._AC_UL260_SR200,260_.jpg","4 out of 5 stars","373","2.0 out of 5 stars","Quality is OK, Fit is not Good. Scale is not correct","Reviewed in India on 11 April 2019"
"Veirdo Men's Regular Fit T-Shirt","https://images-eu.ssl-images-amazon.com/images/I/41zVV7JQXGL._AC_UL260_SR200,260_.jpg","4 out of 5 stars","373","4.0 out of 5 stars","Good for the price.","Reviewed in India on 16 November 2019"
"Veirdo Men's Regular Fit T-Shirt","https://images-eu.ssl-images-amazon.com/images/I/41zVV7JQXGL._AC_UL260_SR200,260_.jpg","4 out of 5 stars","373","4.0 out of 5 stars","Good Material","Reviewed in India on 26 May 2019"
"Veirdo Men's Regular Fit T-Shirt","https://images-eu.ssl-images-amazon.com/images/I/41zVV7JQXGL._AC_UL260_SR200,260_.jpg","4 out of 5 stars","373","1.0 out of 5 stars","DEFECTIVE PRODUCT - DONT BUY!!","Reviewed in India on 2 July 2020"
"Veirdo Men's Regular Fit T-Shirt","https://images-eu.ssl-images-amazon.com/images/I/41zVV7JQXGL._AC_UL260_SR200,260_.jpg","4 out of 5 stars","373","5.0 out of 5 stars","10/10","Reviewed in India on 15 April 2019"
"Veirdo Men's Regular Fit T-Shirt","https://images-eu.ssl-images-amazon.com/images/I/41zVV7JQXGL._AC_UL260_SR200,260_.jpg","4 out of 5 stars","373","4.0 out of 5 stars","Best Looking Funky Vest at reasonable Price","Reviewed in India on 29 June 2020"
"Veirdo Men's Regular Fit T-Shirt","https://images-eu.ssl-images-amazon.com/images/I/41zVV7JQXGL._AC_UL260_SR200,260_.jpg","4 out of 5 stars","373","5.0 out of 5 stars","I feel so comfortable","Reviewed in India on 19 June 2020"
"EYEBOGLER Men's Regular Fit T-Shirt","https://images-eu.ssl-images-amazon.com/images/I/41Z2JjKlx7L._AC_UL260_SR200,260_.jpg","3.6 out of 5 stars","890","5.0 out of 5 stars","Good product","Reviewed in India on 19 June 2019"
"EYEBOGLER Men's Regular Fit T-Shirt","https://images-eu.ssl-images-amazon.com/images/I/41Z2JjKlx7L._AC_UL260_SR200,260_.jpg","3.6 out of 5 stars","890","2.0 out of 5 stars","Average","Reviewed in India on 17 June 2019"
"EYEBOGLER Men's Regular Fit T-Shirt","https://images-eu.ssl-images-amazon.com/images/I/41Z2JjKlx7L._AC_UL260_SR200,260_.jpg","3.6 out of 5 stars","890","4.0 out of 5 stars","Quality also good..","Reviewed in India on 28 August 2018"
"EYEBOGLER Men's Regular Fit T-Shirt","https://images-eu.ssl-images-amazon.com/images/I/41Z2JjKlx7L._AC_UL260_SR200,260_.jpg","3.6 out of 5 stars","890","5.0 out of 5 stars","Awesome product superb","Reviewed in India on 21 August 2019"
"EYEBOGLER Men's Regular Fit T-Shirt","https://images-eu.ssl-images-amazon.com/images/I/41Z2JjKlx7L._AC_UL260_SR200,260_.jpg","3.6 out of 5 stars","890","2.0 out of 5 stars","AVERAGE PRODUCT-NOT WORTH THE PRICE","Reviewed in India on 26 November 2018"
"EYEBOGLER Men's Regular Fit T-Shirt","https://images-eu.ssl-images-amazon.com/images/I/41Z2JjKlx7L._AC_UL260_SR200,260_.jpg","3.6 out of 5 stars","890","1.0 out of 5 stars","Color mismatched","Reviewed in India on 8 October 2019"
"EYEBOGLER Men's Regular Fit T-Shirt","https://images-eu.ssl-images-amazon.com/images/I/41Z2JjKlx7L._AC_UL260_SR200,260_.jpg","3.6 out of 5 stars","890","3.0 out of 5 stars","Wrong specifications.....","Reviewed in India on 24 January 2019"
"EYEBOGLER Men's Regular Fit T-Shirt","https://images-eu.ssl-images-amazon.com/images/I/41Z2JjKlx7L._AC_UL260_SR200,260_.jpg","3.6 out of 5 stars","890","2.0 out of 5 stars","Product good.","Reviewed in India on 12 October 2019"
"SKYBEN Men's Regular Fit T-Shirt","https://images-eu.ssl-images-amazon.com/images/I/418zU7aCTsL._AC_UL260_SR200,260_.jpg","3.6 out of 5 stars","14","4.0 out of 5 stars","Buy to wear in house purpose.","Reviewed in India on 19 June 2020"
"SKYBEN Men's Regular Fit T-Shirt","https://images-eu.ssl-images-amazon.com/images/I/418zU7aCTsL._AC_UL260_SR200,260_.jpg","3.6 out of 5 stars","14","4.0 out of 5 stars","Really cool","Reviewed in India on 28 June 2020"
"SKYBEN Men's Regular Fit T-Shirt","https://images-eu.ssl-images-amazon.com/images/I/418zU7aCTsL._AC_UL260_SR200,260_.jpg","3.6 out of 5 stars","14","5.0 out of 5 stars","Fabulous","Reviewed in India on 16 June 2020"
"SKYBEN Men's Regular Fit T-Shirt","https://images-eu.ssl-images-amazon.com/images/I/418zU7aCTsL._AC_UL260_SR200,260_.jpg","3.6 out of 5 stars","14","4.0 out of 5 stars","In this price, this product is best","Reviewed in India on 23 June 2020"
"SKYBEN Men's Regular Fit T-Shirt","https://images-eu.ssl-images-amazon.com/images/I/418zU7aCTsL._AC_UL260_SR200,260_.jpg","3.6 out of 5 stars","14","4.0 out of 5 stars","Good","Reviewed in India on 30 June 2020"
"SKYBEN Men's Regular Fit T-Shirt","https://images-eu.ssl-images-amazon.com/images/I/418zU7aCTsL._AC_UL260_SR200,260_.jpg","3.6 out of 5 stars","14","1.0 out of 5 stars","Not satisfied","Reviewed in India on 24 June 2020"
"SKYBEN Men's Regular Fit T-Shirt","https://images-eu.ssl-images-amazon.com/images/I/418zU7aCTsL._AC_UL260_SR200,260_.jpg","3.6 out of 5 stars","14","5.0 out of 5 stars","Good","Reviewed in India on 27 June 2020"
"Amazon Brand - Symbol Men's Solid Regular fit Half Sleeve Polo","https://images-eu.ssl-images-amazon.com/images/I/31h6UPurRpL._AC_UL260_SR200,260_.jpg","3.9 out of 5 stars","1,979","2.0 out of 5 stars","Not expected from Amazon's brand","Reviewed in India on 19 August 2018"
"Amazon Brand - Symbol Men's Solid Regular fit Half Sleeve Polo","https://images-eu.ssl-images-amazon.com/images/I/31h6UPurRpL._AC_UL260_SR200,260_.jpg","3.9 out of 5 stars","1,979","2.0 out of 5 stars","Suggestion: Take a WET white handkerchief and rub it ...","Reviewed in India on 28 February 2018"
"Amazon Brand - Symbol Men's Solid Regular fit Half Sleeve Polo","https://images-eu.ssl-images-amazon.com/images/I/31h6UPurRpL._AC_UL260_SR200,260_.jpg","3.9 out of 5 stars","1,979","5.0 out of 5 stars","Simple &Stylish","Reviewed in India on 15 May 2019"
"Amazon Brand - Symbol Men's Solid Regular fit Half Sleeve Polo","https://images-eu.ssl-images-amazon.com/images/I/31h6UPurRpL._AC_UL260_SR200,260_.jpg","3.9 out of 5 stars","1,979","3.0 out of 5 stars","Must watch this detailed üëâ REVIEW ‚ò∫Ô∏è","Reviewed in India on 2 November 2019"
"Amazon Brand - Symbol Men's Solid Regular fit Half Sleeve Polo","https://images-eu.ssl-images-amazon.com/images/I/31h6UPurRpL._AC_UL260_SR200,260_.jpg","3.9 out of 5 stars","1,979","5.0 out of 5 stars","Excellent","Reviewed in India on 14 May 2019"
"Amazon Brand - Symbol Men's Solid Regular fit Half Sleeve Polo","https://images-eu.ssl-images-amazon.com/images/I/31h6UPurRpL._AC_UL260_SR200,260_.jpg","3.9 out of 5 stars","1,979","4.0 out of 5 stars","Value for money","Reviewed in India on 20 April 2019"
"Amazon Brand - Symbol Men's Solid Regular fit Half Sleeve Polo","https://images-eu.ssl-images-amazon.com/images/I/31h6UPurRpL._AC_UL260_SR200,260_.jpg","3.9 out of 5 stars","1,979","4.0 out of 5 stars","Good Quality Cloth Material with a fit to watch out for!","Reviewed in India on 6 September 2018"
"Amazon Brand - Symbol Men's Solid Regular fit Half Sleeve Polo","https://images-eu.ssl-images-amazon.com/images/I/31h6UPurRpL._AC_UL260_SR200,260_.jpg","3.9 out of 5 stars","1,979","5.0 out of 5 stars","Nice product! Go for it.","Reviewed in India on 22 July 2019"
"JUGULAR Men's Printed Vest 97","https://images-eu.ssl-images-amazon.com/images/I/41ahCgpgUXL._AC_UL260_SR200,260_.jpg","3.7 out of 5 stars","156","5.0 out of 5 stars","Size","Reviewed in India on 4 June 2020"
"JUGULAR Men's Printed Vest 97","https://images-eu.ssl-images-amazon.com/images/I/41ahCgpgUXL._AC_UL260_SR200,260_.jpg","3.7 out of 5 stars","156","1.0 out of 5 stars","Colour fades","Reviewed in India on 29 June 2020"
"JUGULAR Men's Printed Vest 97","https://images-eu.ssl-images-amazon.com/images/I/41ahCgpgUXL._AC_UL260_SR200,260_.jpg","3.7 out of 5 stars","156","5.0 out of 5 stars","Pleasantly Surprised","Reviewed in India on 18 June 2020"
"JUGULAR Men's Printed Vest 97","https://images-eu.ssl-images-amazon.com/images/I/41ahCgpgUXL._AC_UL260_SR200,260_.jpg","3.7 out of 5 stars","156","3.0 out of 5 stars","Okay-ish","Reviewed in India on 27 March 2020"
"JUGULAR Men's Printed Vest 97","https://images-eu.ssl-images-amazon.com/images/I/41ahCgpgUXL._AC_UL260_SR200,260_.jpg","3.7 out of 5 stars","156","4.0 out of 5 stars","Good quality but check size once!!","Reviewed in India on 19 June 2020"
"JUGULAR Men's Printed Vest 97","https://images-eu.ssl-images-amazon.com/images/I/41ahCgpgUXL._AC_UL260_SR200,260_.jpg","3.7 out of 5 stars","156","3.0 out of 5 stars","Good","Reviewed in India on 27 February 2020"
"JUGULAR Men's Printed Vest 97","https://images-eu.ssl-images-amazon.com/images/I/41ahCgpgUXL._AC_UL260_SR200,260_.jpg","3.7 out of 5 stars","156","4.0 out of 5 stars","Satisfactory","Reviewed in India on 3 June 2020"
"JUGULAR Men's Printed Vest 97","https://images-eu.ssl-images-amazon.com/images/I/41ahCgpgUXL._AC_UL260_SR200,260_.jpg","3.7 out of 5 stars","156","2.0 out of 5 stars","Not good","Reviewed in India on 4 July 2020"
"Amazon Brand - Symbol Men's Solid Regular Fit Half Sleeve Cotton T-Shirt (Combo Pack of 2)","https://images-eu.ssl-images-amazon.com/images/I/41tM92rkrAL._AC_UL260_SR200,260_.jpg","3.8 out of 5 stars","169","3.0 out of 5 stars","Average product","Reviewed in India on 13 September 2018"
"Amazon Brand - Symbol Men's Solid Regular Fit Half Sleeve Cotton T-Shirt (Combo Pack of 2)","https://images-eu.ssl-images-amazon.com/images/I/41tM92rkrAL._AC_UL260_SR200,260_.jpg","3.8 out of 5 stars","169","5.0 out of 5 stars","Unbelievable Price for Good Quality Tshirts","Reviewed in India on 8 November 2019"
"Amazon Brand - Symbol Men's Solid Regular Fit Half Sleeve Cotton T-Shirt (Combo Pack of 2)","https://images-eu.ssl-images-amazon.com/images/I/41tM92rkrAL._AC_UL260_SR200,260_.jpg","3.8 out of 5 stars","169","4.0 out of 5 stars","Great Product at affordable price.","Reviewed in India on 29 June 2020"
"Amazon Brand - Symbol Men's Solid Regular Fit Half Sleeve Cotton T-Shirt (Combo Pack of 2)","https://images-eu.ssl-images-amazon.com/images/I/41tM92rkrAL._AC_UL260_SR200,260_.jpg","3.8 out of 5 stars","169","3.0 out of 5 stars","size of stitching is too different for the same product","Reviewed in India on 7 October 2019"
"Amazon Brand - Symbol Men's Solid Regular Fit Half Sleeve Cotton T-Shirt (Combo Pack of 2)","https://images-eu.ssl-images-amazon.com/images/I/41tM92rkrAL._AC_UL260_SR200,260_.jpg","3.8 out of 5 stars","169","5.0 out of 5 stars","The quality is amazing Plus. The fit is really good the slleves ...","Reviewed in India on 12 October 2018"
"Amazon Brand - Symbol Men's Solid Regular Fit Half Sleeve Cotton T-Shirt (Combo Pack of 2)","https://images-eu.ssl-images-amazon.com/images/I/41tM92rkrAL._AC_UL260_SR200,260_.jpg","3.8 out of 5 stars","169","3.0 out of 5 stars","Improper size and fitting","Reviewed in India on 16 October 2019"
"Amazon Brand - Symbol Men's Solid Regular Fit Half Sleeve Cotton T-Shirt (Combo Pack of 2)","https://images-eu.ssl-images-amazon.com/images/I/41tM92rkrAL._AC_UL260_SR200,260_.jpg","3.8 out of 5 stars","169","4.0 out of 5 stars","Irritating SYMBOL logo patch","Reviewed in India on 5 October 2019"
"Amazon Brand - Symbol Men's Solid Regular Fit Half Sleeve Cotton T-Shirt (Combo Pack of 2)","https://images-eu.ssl-images-amazon.com/images/I/41tM92rkrAL._AC_UL260_SR200,260_.jpg","3.8 out of 5 stars","169","5.0 out of 5 stars","100% cotton T shirt","Reviewed in India on 5 November 2019"
"STYLENSE Men's Regular Fit T-Shirt","https://images-eu.ssl-images-amazon.com/images/I/41RGyFObqAL._AC_UL260_SR200,260_.jpg","3.9 out of 5 stars","1,017","2.0 out of 5 stars","No mention of anything anywhere","Reviewed in India on 16 April 2019"
"STYLENSE Men's Regular Fit T-Shirt","https://images-eu.ssl-images-amazon.com/images/I/41RGyFObqAL._AC_UL260_SR200,260_.jpg","3.9 out of 5 stars","1,017","4.0 out of 5 stars","Gorgeous,like it. üëçüëçüëç","Reviewed in India on 9 August 2019"
"STYLENSE Men's Regular Fit T-Shirt","https://images-eu.ssl-images-amazon.com/images/I/41RGyFObqAL._AC_UL260_SR200,260_.jpg","3.9 out of 5 stars","1,017","3.0 out of 5 stars","Quality is good and if u select proper size they will provide ...","Reviewed in India on 6 July 2018"
"STYLENSE Men's Regular Fit T-Shirt","https://images-eu.ssl-images-amazon.com/images/I/41RGyFObqAL._AC_UL260_SR200,260_.jpg","3.9 out of 5 stars","1,017","4.0 out of 5 stars","happyü§ó","Reviewed in India on 25 July 2019"
"STYLENSE Men's Regular Fit T-Shirt","https://images-eu.ssl-images-amazon.com/images/I/41RGyFObqAL._AC_UL260_SR200,260_.jpg","3.9 out of 5 stars","1,017","5.0 out of 5 stars","Awesome productüëç","Reviewed in India on 23 June 2019"
"STYLENSE Men's Regular Fit T-Shirt","https://images-eu.ssl-images-amazon.com/images/I/41RGyFObqAL._AC_UL260_SR200,260_.jpg","3.9 out of 5 stars","1,017","5.0 out of 5 stars","Good deal","Reviewed in India on 20 July 2019"
"STYLENSE Men's Regular Fit T-Shirt","https://images-eu.ssl-images-amazon.com/images/I/41RGyFObqAL._AC_UL260_SR200,260_.jpg","3.9 out of 5 stars","1,017","5.0 out of 5 stars","EXCELLENT SOFT EGYPTIANS COTTON MATERIAL","Reviewed in India on 29 October 2019"
"STYLENSE Men's Regular Fit T-Shirt","https://images-eu.ssl-images-amazon.com/images/I/41RGyFObqAL._AC_UL260_SR200,260_.jpg","3.9 out of 5 stars","1,017","1.0 out of 5 stars","Waste of money","Reviewed in India on 31 January 2020"
"Katso Mens Cotton Hooded T-Shirt","https://images-eu.ssl-images-amazon.com/images/I/41PFtd5FnOL._AC_UL260_SR200,260_.jpg","3.8 out of 5 stars","5,803","2.0 out of 5 stars","Bad quality","Reviewed in India on 1 December 2018"
"Katso Mens Cotton Hooded T-Shirt","https://images-eu.ssl-images-amazon.com/images/I/41PFtd5FnOL._AC_UL260_SR200,260_.jpg","3.8 out of 5 stars","5,803","5.0 out of 5 stars","Good Quality","Reviewed in India on 15 October 2018"
"Katso Mens Cotton Hooded T-Shirt","https://images-eu.ssl-images-amazon.com/images/I/41PFtd5FnOL._AC_UL260_SR200,260_.jpg","3.8 out of 5 stars","5,803","3.0 out of 5 stars","It fits slim, and okay for under Rs.300/- not more than that.","Reviewed in India on 26 July 2018"
"Katso Mens Cotton Hooded T-Shirt","https://images-eu.ssl-images-amazon.com/images/I/41PFtd5FnOL._AC_UL260_SR200,260_.jpg","3.8 out of 5 stars","5,803","4.0 out of 5 stars","Good one","Reviewed in India on 26 January 2019"
"Katso Mens Cotton Hooded T-Shirt","https://images-eu.ssl-images-amazon.com/images/I/41PFtd5FnOL._AC_UL260_SR200,260_.jpg","3.8 out of 5 stars","5,803","1.0 out of 5 stars","Not a worth buy","Reviewed in India on 8 January 2019"
"Katso Mens Cotton Hooded T-Shirt","https://images-eu.ssl-images-amazon.com/images/I/41PFtd5FnOL._AC_UL260_SR200,260_.jpg","3.8 out of 5 stars","5,803","5.0 out of 5 stars","Nice tshirt","Reviewed in India on 11 November 2018"
"Katso Mens Cotton Hooded T-Shirt","https://images-eu.ssl-images-amazon.com/images/I/41PFtd5FnOL._AC_UL260_SR200,260_.jpg","3.8 out of 5 stars","5,803","4.0 out of 5 stars","Looks good.","Reviewed in India on 26 January 2019"
"Katso Mens Cotton Hooded T-Shirt","https://images-eu.ssl-images-amazon.com/images/I/41PFtd5FnOL._AC_UL260_SR200,260_.jpg","3.8 out of 5 stars","5,803","2.0 out of 5 stars","Not satisfied","Reviewed in India on 10 December 2018"
"fanideaz Men's Regular Fit Polos","https://images-eu.ssl-images-amazon.com/images/I/41TJghsZvRL._AC_UL260_SR200,260_.jpg","3.2 out of 5 stars","619","4.0 out of 5 stars","Super comfortable, soft fabric","Reviewed in India on 11 September 2018"
"fanideaz Men's Regular Fit Polos","https://images-eu.ssl-images-amazon.com/images/I/41TJghsZvRL._AC_UL260_SR200,260_.jpg","3.2 out of 5 stars","619","5.0 out of 5 stars","Great product very satisfied with purchase.","Reviewed in India on 6 October 2018"
"fanideaz Men's Regular Fit Polos","https://images-eu.ssl-images-amazon.com/images/I/41TJghsZvRL._AC_UL260_SR200,260_.jpg","3.2 out of 5 stars","619","2.0 out of 5 stars","High priced , product images inappropriate","Reviewed in India on 14 October 2018"
"fanideaz Men's Regular Fit Polos","https://images-eu.ssl-images-amazon.com/images/I/41TJghsZvRL._AC_UL260_SR200,260_.jpg","3.2 out of 5 stars","619","2.0 out of 5 stars","Below expectation-Quality","Reviewed in India on 22 September 2018"
"fanideaz Men's Regular Fit Polos","https://images-eu.ssl-images-amazon.com/images/I/41TJghsZvRL._AC_UL260_SR200,260_.jpg","3.2 out of 5 stars","619","5.0 out of 5 stars","Awesome quality","Reviewed in India on 26 September 2018"
"fanideaz Men's Regular Fit Polos","https://images-eu.ssl-images-amazon.com/images/I/41TJghsZvRL._AC_UL260_SR200,260_.jpg","3.2 out of 5 stars","619","3.0 out of 5 stars","Size is non-standard, length is too long, red color leaks after simple hand-wash in plain water","Reviewed in India on 19 April 2019"
"fanideaz Men's Regular Fit Polos","https://images-eu.ssl-images-amazon.com/images/I/41TJghsZvRL._AC_UL260_SR200,260_.jpg","3.2 out of 5 stars","619","1.0 out of 5 stars","Worst quality of the product","Reviewed in India on 8 March 2020"
"fanideaz Men's Regular Fit Polos","https://images-eu.ssl-images-amazon.com/images/I/41TJghsZvRL._AC_UL260_SR200,260_.jpg","3.2 out of 5 stars","619","2.0 out of 5 stars","Local quality product","Reviewed in India on 8 November 2018"
"AWG - All Weather Gear Men's Regular fit T-Shirt (Pack of 2)","https://images-eu.ssl-images-amazon.com/images/I/41zeVHLRhuL._AC_UL260_SR200,260_.jpg","3.5 out of 5 stars","791","1.0 out of 5 stars","Not the same as the one displayed... wrong product","Reviewed in India on 12 March 2019"
"AWG - All Weather Gear Men's Regular fit T-Shirt (Pack of 2)","https://images-eu.ssl-images-amazon.com/images/I/41zeVHLRhuL._AC_UL260_SR200,260_.jpg","3.5 out of 5 stars","791","1.0 out of 5 stars","Bad Quality Material","Reviewed in India on 13 April 2019"
"AWG - All Weather Gear Men's Regular fit T-Shirt (Pack of 2)","https://images-eu.ssl-images-amazon.com/images/I/41zeVHLRhuL._AC_UL260_SR200,260_.jpg","3.5 out of 5 stars","791","2.0 out of 5 stars","Cheap","Reviewed in India on 25 March 2019"
"AWG - All Weather Gear Men's Regular fit T-Shirt (Pack of 2)","https://images-eu.ssl-images-amazon.com/images/I/41zeVHLRhuL._AC_UL260_SR200,260_.jpg","3.5 out of 5 stars","791","1.0 out of 5 stars","Avoid this.. Its useless.","Reviewed in India on 11 July 2019"
"AWG - All Weather Gear Men's Regular fit T-Shirt (Pack of 2)","https://images-eu.ssl-images-amazon.com/images/I/41zeVHLRhuL._AC_UL260_SR200,260_.jpg","3.5 out of 5 stars","791","3.0 out of 5 stars","Review","Reviewed in India on 10 May 2019"
"AWG - All Weather Gear Men's Regular fit T-Shirt (Pack of 2)","https://images-eu.ssl-images-amazon.com/images/I/41zeVHLRhuL._AC_UL260_SR200,260_.jpg","3.5 out of 5 stars","791","5.0 out of 5 stars","A little tight.","Reviewed in India on 30 April 2019"
"AWG - All Weather Gear Men's Regular fit T-Shirt (Pack of 2)","https://images-eu.ssl-images-amazon.com/images/I/41zeVHLRhuL._AC_UL260_SR200,260_.jpg","3.5 out of 5 stars","791","1.0 out of 5 stars","Never buy it","Reviewed in India on 5 June 2019"
"AWG - All Weather Gear Men's Regular fit T-Shirt (Pack of 2)","https://images-eu.ssl-images-amazon.com/images/I/41zeVHLRhuL._AC_UL260_SR200,260_.jpg","3.5 out of 5 stars","791","2.0 out of 5 stars","Not a quality product at this range","Reviewed in India on 19 June 2019"
"WEXFORD Men's Regular Fit Polos (WEX-WFS034C)","https://images-eu.ssl-images-amazon.com/images/I/41OxMF58TCL._AC_UL260_SR200,260_.jpg","3.8 out of 5 stars","590","2.0 out of 5 stars","not good","Reviewed in India on 19 July 2018"
"WEXFORD Men's Regular Fit Polos (WEX-WFS034C)","https://images-eu.ssl-images-amazon.com/images/I/41OxMF58TCL._AC_UL260_SR200,260_.jpg","3.8 out of 5 stars","590","5.0 out of 5 stars","Very nice polo. Hubby is very particular with polo's","Reviewed in India on 6 December 2017"
"WEXFORD Men's Regular Fit Polos (WEX-WFS034C)","https://images-eu.ssl-images-amazon.com/images/I/41OxMF58TCL._AC_UL260_SR200,260_.jpg","3.8 out of 5 stars","590","1.0 out of 5 stars","Defective fabric used","Reviewed in India on 11 November 2018"
"WEXFORD Men's Regular Fit Polos (WEX-WFS034C)","https://images-eu.ssl-images-amazon.com/images/I/41OxMF58TCL._AC_UL260_SR200,260_.jpg","3.8 out of 5 stars","590","1.0 out of 5 stars","Faulty size","Reviewed in India on 18 April 2019"
"WEXFORD Men's Regular Fit Polos (WEX-WFS034C)","https://images-eu.ssl-images-amazon.com/images/I/41OxMF58TCL._AC_UL260_SR200,260_.jpg","3.8 out of 5 stars","590","4.0 out of 5 stars","Nice quality and fit","Reviewed in India on 20 August 2019"
"WEXFORD Men's Regular Fit Polos (WEX-WFS034C)","https://images-eu.ssl-images-amazon.com/images/I/41OxMF58TCL._AC_UL260_SR200,260_.jpg","3.8 out of 5 stars","590","5.0 out of 5 stars","Good fabric and good fitting","Reviewed in India on 12 August 2018"
"WEXFORD Men's Regular Fit Polos (WEX-WFS034C)","https://images-eu.ssl-images-amazon.com/images/I/41OxMF58TCL._AC_UL260_SR200,260_.jpg","3.8 out of 5 stars","590","5.0 out of 5 stars","Smart look T-Shirt one must have","Reviewed in India on 1 November 2019"
"WEXFORD Men's Regular Fit Polos (WEX-WFS034C)","https://images-eu.ssl-images-amazon.com/images/I/41OxMF58TCL._AC_UL260_SR200,260_.jpg","3.8 out of 5 stars","590","5.0 out of 5 stars","Must buy","Reviewed in India on 13 April 2019"
"Urbano Fashion Men's Black, Grey, Yellow Round Neck Full Sleeve T-Shirt","https://images-eu.ssl-images-amazon.com/images/I/41LEAVDrZkL._AC_UL260_SR200,260_.jpg","3.9 out of 5 stars","2,185","1.0 out of 5 stars","Loses color","Reviewed in India on 2 November 2018"
"Urbano Fashion Men's Black, Grey, Yellow Round Neck Full Sleeve T-Shirt","https://images-eu.ssl-images-amazon.com/images/I/41LEAVDrZkL._AC_UL260_SR200,260_.jpg","3.9 out of 5 stars","2,185","4.0 out of 5 stars","Good Quality - Perfect Size","Reviewed in India on 21 April 2019"
"Urbano Fashion Men's Black, Grey, Yellow Round Neck Full Sleeve T-Shirt","https://images-eu.ssl-images-amazon.com/images/I/41LEAVDrZkL._AC_UL260_SR200,260_.jpg","3.9 out of 5 stars","2,185","5.0 out of 5 stars","Five Stars","Reviewed in India on 20 June 2018"
"Urbano Fashion Men's Black, Grey, Yellow Round Neck Full Sleeve T-Shirt","https://images-eu.ssl-images-amazon.com/images/I/41LEAVDrZkL._AC_UL260_SR200,260_.jpg","3.9 out of 5 stars","2,185","3.0 out of 5 stars","Nice","Reviewed in India on 9 May 2019"
"Urbano Fashion Men's Black, Grey, Yellow Round Neck Full Sleeve T-Shirt","https://images-eu.ssl-images-amazon.com/images/I/41LEAVDrZkL._AC_UL260_SR200,260_.jpg","3.9 out of 5 stars","2,185","5.0 out of 5 stars","Good deal !!","Reviewed in India on 9 September 2018"
"Urbano Fashion Men's Black, Grey, Yellow Round Neck Full Sleeve T-Shirt","https://images-eu.ssl-images-amazon.com/images/I/41LEAVDrZkL._AC_UL260_SR200,260_.jpg","3.9 out of 5 stars","2,185","5.0 out of 5 stars","Nice product","Reviewed in India on 25 January 2019"
"Urbano Fashion Men's Black, Grey, Yellow Round Neck Full Sleeve T-Shirt","https://images-eu.ssl-images-amazon.com/images/I/41LEAVDrZkL._AC_UL260_SR200,260_.jpg","3.9 out of 5 stars","2,185","1.0 out of 5 stars","Defective product","Reviewed in India on 10 October 2018"
"Urbano Fashion Men's Black, Grey, Yellow Round Neck Full Sleeve T-Shirt","https://images-eu.ssl-images-amazon.com/images/I/41LEAVDrZkL._AC_UL260_SR200,260_.jpg","3.9 out of 5 stars","2,185","3.0 out of 5 stars","Not very good. BLEEDS COLOR","Reviewed in India on 6 March 2019"
"United Colors of Benetton Men's Solid T-Shirt","https://images-eu.ssl-images-amazon.com/images/I/31UzrpPdmAL._AC_UL260_SR200,260_.jpg","3.4 out of 5 stars","16","5.0 out of 5 stars","T shirt","Reviewed in India on 9 June 2020"
"United Colors of Benetton Men's Solid T-Shirt","https://images-eu.ssl-images-amazon.com/images/I/31UzrpPdmAL._AC_UL260_SR200,260_.jpg","3.4 out of 5 stars","16","5.0 out of 5 stars","Just right","Reviewed in India on 5 June 2020"
"United Colors of Benetton Men's Solid T-Shirt","https://images-eu.ssl-images-amazon.com/images/I/31UzrpPdmAL._AC_UL260_SR200,260_.jpg","3.4 out of 5 stars","16","5.0 out of 5 stars","Nice product","Reviewed in India on 2 March 2020"
"United Colors of Benetton Men's Solid T-Shirt","https://images-eu.ssl-images-amazon.com/images/I/31UzrpPdmAL._AC_UL260_SR200,260_.jpg","3.4 out of 5 stars","16","5.0 out of 5 stars","Great product","Reviewed in India on 23 June 2020"
"United Colors of Benetton Men's Solid T-Shirt","https://images-eu.ssl-images-amazon.com/images/I/31UzrpPdmAL._AC_UL260_SR200,260_.jpg","3.4 out of 5 stars","16","3.0 out of 5 stars","Not worth for someone who is not looking for a slim fit.","Reviewed in India on 1 July 2020"
"United Colors of Benetton Men's Solid T-Shirt","https://images-eu.ssl-images-amazon.com/images/I/31UzrpPdmAL._AC_UL260_SR200,260_.jpg","3.4 out of 5 stars","16","3.0 out of 5 stars","T shirt is too small","Reviewed in India on 3 July 2020"
"United Colors of Benetton Men's Solid T-Shirt","https://images-eu.ssl-images-amazon.com/images/I/31UzrpPdmAL._AC_UL260_SR200,260_.jpg","3.4 out of 5 stars","16","4.0 out of 5 stars","Good quality","Reviewed in India on 29 June 2020"
"United Colors of Benetton Men's Solid T-Shirt","https://images-eu.ssl-images-amazon.com/images/I/31UzrpPdmAL._AC_UL260_SR200,260_.jpg","3.4 out of 5 stars","16","5.0 out of 5 stars","5‚≠êÔ∏è","Reviewed in India on 29 May 2020"
"Freely Poly Cotton Polo Collar & Plain Comfort Fit T-Shirt for Mens - Pack of 3","https://images-eu.ssl-images-amazon.com/images/I/41VnsDjICeL._AC_UL260_SR200,260_.jpg","3.1 out of 5 stars","5","5.0 out of 5 stars","Well done","Reviewed in India on 3 July 2020"
"Freely Poly Cotton Polo Collar & Plain Comfort Fit T-Shirt for Mens - Pack of 3","https://images-eu.ssl-images-amazon.com/images/I/41VnsDjICeL._AC_UL260_SR200,260_.jpg","3.1 out of 5 stars","5","1.0 out of 5 stars","Not satisfied with product üòî","Reviewed in India on 3 July 2020"
"Freely Poly Cotton Polo Collar & Plain Comfort Fit T-Shirt for Mens - Pack of 3","https://images-eu.ssl-images-amazon.com/images/I/41VnsDjICeL._AC_UL260_SR200,260_.jpg","3.1 out of 5 stars","5","5.0 out of 5 stars","Good product","Reviewed in India on 7 July 2020"
"AMERICAN CREW Men's Polo Collar Half Sleeve T-Shirt","https://images-eu.ssl-images-amazon.com/images/I/41fI46MlJyL._AC_UL260_SR200,260_.jpg","3.8 out of 5 stars","3,393","1.0 out of 5 stars","3rd grade quality","Reviewed in India on 25 August 2018"
"AMERICAN CREW Men's Polo Collar Half Sleeve T-Shirt","https://images-eu.ssl-images-amazon.com/images/I/41fI46MlJyL._AC_UL260_SR200,260_.jpg","3.8 out of 5 stars","3,393","1.0 out of 5 stars","NOT ORIGINAL ,FAKE STUFF.","Reviewed in India on 2 September 2018"
"AMERICAN CREW Men's Polo Collar Half Sleeve T-Shirt","https://images-eu.ssl-images-amazon.com/images/I/41fI46MlJyL._AC_UL260_SR200,260_.jpg","3.8 out of 5 stars","3,393","1.0 out of 5 stars","The Tshirt looks very good, but unfortunately red color fades and it red ...","Reviewed in India on 25 May 2018"
"AMERICAN CREW Men's Polo Collar Half Sleeve T-Shirt","https://images-eu.ssl-images-amazon.com/images/I/41fI46MlJyL._AC_UL260_SR200,260_.jpg","3.8 out of 5 stars","3,393","1.0 out of 5 stars","M Size - Too Large","Reviewed in India on 29 November 2018"
"AMERICAN CREW Men's Polo Collar Half Sleeve T-Shirt","https://images-eu.ssl-images-amazon.com/images/I/41fI46MlJyL._AC_UL260_SR200,260_.jpg","3.8 out of 5 stars","3,393","1.0 out of 5 stars","FRAUD FRAUD FRAUD","Reviewed in India on 22 November 2018"
"AMERICAN CREW Men's Polo Collar Half Sleeve T-Shirt","https://images-eu.ssl-images-amazon.com/images/I/41fI46MlJyL._AC_UL260_SR200,260_.jpg","3.8 out of 5 stars","3,393","3.0 out of 5 stars","Edit: New ratings after regular use","Reviewed in India on 25 August 2019"
"AMERICAN CREW Men's Polo Collar Half Sleeve T-Shirt","https://images-eu.ssl-images-amazon.com/images/I/41fI46MlJyL._AC_UL260_SR200,260_.jpg","3.8 out of 5 stars","3,393","5.0 out of 5 stars","Good one.","Reviewed in India on 8 September 2019"
"AMERICAN CREW Men's Polo Collar Half Sleeve T-Shirt","https://images-eu.ssl-images-amazon.com/images/I/41fI46MlJyL._AC_UL260_SR200,260_.jpg","3.8 out of 5 stars","3,393","3.0 out of 5 stars","3 Star","Reviewed in India on 2 October 2019"
"WEXFORD Men's Regular Fit Polos","https://images-eu.ssl-images-amazon.com/images/I/41HWJ94-NLL._AC_UL260_SR200,260_.jpg","4 out of 5 stars","151","1.0 out of 5 stars","Its not single piece printed","Reviewed in India on 13 March 2020"
"WEXFORD Men's Regular Fit Polos","https://images-eu.ssl-images-amazon.com/images/I/41HWJ94-NLL._AC_UL260_SR200,260_.jpg","4 out of 5 stars","151","5.0 out of 5 stars","Good product at this price","Reviewed in India on 24 August 2019"
"WEXFORD Men's Regular Fit Polos","https://images-eu.ssl-images-amazon.com/images/I/41HWJ94-NLL._AC_UL260_SR200,260_.jpg","4 out of 5 stars","151","4.0 out of 5 stars","Good product","Reviewed in India on 9 January 2020"
"WEXFORD Men's Regular Fit Polos","https://images-eu.ssl-images-amazon.com/images/I/41HWJ94-NLL._AC_UL260_SR200,260_.jpg","4 out of 5 stars","151","5.0 out of 5 stars","Awosome","Reviewed in India on 28 September 2019"
"WEXFORD Men's Regular Fit Polos","https://images-eu.ssl-images-amazon.com/images/I/41HWJ94-NLL._AC_UL260_SR200,260_.jpg","4 out of 5 stars","151","4.0 out of 5 stars","Flexi and comfo tee- shirt.","Reviewed in India on 5 July 2019"
"WEXFORD Men's Regular Fit Polos","https://images-eu.ssl-images-amazon.com/images/I/41HWJ94-NLL._AC_UL260_SR200,260_.jpg","4 out of 5 stars","151","5.0 out of 5 stars","Good Tee","Reviewed in India on 18 October 2019"
"WEXFORD Men's Regular Fit Polos","https://images-eu.ssl-images-amazon.com/images/I/41HWJ94-NLL._AC_UL260_SR200,260_.jpg","4 out of 5 stars","151","5.0 out of 5 stars","One of the best products","Reviewed in India on 11 June 2020"
"WEXFORD Men's Regular Fit Polos","https://images-eu.ssl-images-amazon.com/images/I/41HWJ94-NLL._AC_UL260_SR200,260_.jpg","4 out of 5 stars","151","4.0 out of 5 stars","Nice","Reviewed in India on 5 July 2020"
"Van Heusen Athleisure Men's Solid Regular Fit T-Shirt","https://images-eu.ssl-images-amazon.com/images/I/41JgSnSMHkL._AC_UL260_SR200,260_.jpg","4.2 out of 5 stars","512","4.0 out of 5 stars","Nice tshirt","Reviewed in India on 31 August 2018"
"Van Heusen Athleisure Men's Solid Regular Fit T-Shirt","https://images-eu.ssl-images-amazon.com/images/I/41JgSnSMHkL._AC_UL260_SR200,260_.jpg","4.2 out of 5 stars","512","5.0 out of 5 stars","Excellent with five star","Reviewed in India on 24 August 2019"
"Van Heusen Athleisure Men's Solid Regular Fit T-Shirt","https://images-eu.ssl-images-amazon.com/images/I/41JgSnSMHkL._AC_UL260_SR200,260_.jpg","4.2 out of 5 stars","512","5.0 out of 5 stars","Good and Excellent Quality","Reviewed in India on 3 February 2018"
"Van Heusen Athleisure Men's Solid Regular Fit T-Shirt","https://images-eu.ssl-images-amazon.com/images/I/41JgSnSMHkL._AC_UL260_SR200,260_.jpg","4.2 out of 5 stars","512","5.0 out of 5 stars","Worth for money","Reviewed in India on 18 February 2020"
"Van Heusen Athleisure Men's Solid Regular Fit T-Shirt","https://images-eu.ssl-images-amazon.com/images/I/41JgSnSMHkL._AC_UL260_SR200,260_.jpg","4.2 out of 5 stars","512","4.0 out of 5 stars","One u can go for!","Reviewed in India on 24 April 2019"
"Van Heusen Athleisure Men's Solid Regular Fit T-Shirt","https://images-eu.ssl-images-amazon.com/images/I/41JgSnSMHkL._AC_UL260_SR200,260_.jpg","4.2 out of 5 stars","512","5.0 out of 5 stars","Amazing Cloudtail!","Reviewed in India on 20 July 2019"
"Van Heusen Athleisure Men's Solid Regular Fit T-Shirt","https://images-eu.ssl-images-amazon.com/images/I/41JgSnSMHkL._AC_UL260_SR200,260_.jpg","4.2 out of 5 stars","512","5.0 out of 5 stars","Perfect product to buy","Reviewed in India on 25 June 2020"
"Van Heusen Athleisure Men's Solid Regular Fit T-Shirt","https://images-eu.ssl-images-amazon.com/images/I/41JgSnSMHkL._AC_UL260_SR200,260_.jpg","4.2 out of 5 stars","512","1.0 out of 5 stars","Not new. Too large in size","Reviewed in India on 4 July 2020"